Idx_Sample,Ref.,Mixture Code in Ref,group
77,[1],FA-II,25
78,[1],FA-II,25
81,[1],FA-II,25
82,[1],FA-II,25
85,[1],FA-II,25
86,[1],FA-II,25
90,[1],FA-II,25
97,[1],FA-II,25
127,[2],Batch,41
131,[4],GP1,155
132,[4],GP2,156
133,[4],GP3,157
134,[4],GP4,158
135,[4],GP5,159
136,[4],GP6,160
137,[4],GP7,161
138,[4],GP8,162
139,[5],G7.5-0.75,197
140,[5],G7.5-1.00,198
141,[5],G7.5-1.25,199
142,[6],,301
143,[6],,301
144,[6],,301
145,[6],,301
180,[9],S1,302
181,[9],S2,303
182,[9],S3,304
183,[9],S4,305
184,[9],S5,306
185,[9],S6,307
186,[9],S7,308
187,[9],S8,309
198,[11],,0
199,[11],,0
200,[11],,0
201,[11],,0
202,[11],,0
203,[11],,0
204,[11],,0
205,[11],,0
206,[11],,0
207,[12],,1
208,[12],,1
209,[12],,1
298,[14],GBFS-0 3.6,4
299,[14],GBFS 10MK 3.6,2
300,[14],GBFS 20MK 3.6,3
301,[15],T1,5
302,[15],T2,6
303,[15],T3,7
304,[15],T4,8
305,[15],T5,9
306,[15],T6,10
307,[15],T7,11
308,[15],T8,12
309,[15],T9,13
310,[16],S1,14
311,[16],S2,15
312,[16],S3,16
313,[16],S4,17
314,[16],S5,18
339,[18],MIX 1,19
340,[18],MIX 2,20
341,[19],M1,21
342,[19],M2,22
343,[19],M3,23
344,[19],M4,24
345,[20],M1,26
351,[22],M1,27
352,[23],GPC1,28
353,[23],GPC2,29
354,[23],GPC3,30
421,[26],Mix 4A,31
422,[27],M2,32
423,[27],M3,33
424,[27],M5,34
425,[27],M6,35
426,[27],M7,36
427,[27],M8,37
428,[27],M9,38
429,[28],M2,39
430,[29],Mix 1 (S00),40
443,[30],Mix 13,42
446,[31],M20-8M,45
447,[31],M20-10M,43
448,[31],M20-12M,44
449,[31],M25-8M,48
450,[31],M25-10M,46
451,[31],M25-12M,47
452,[31],M30-8M,51
453,[31],M30-10M,49
454,[31],M30-12M,50
455,[32],G1.125,57
456,[32],G1.25,58
457,[32],G1.375,59
458,[32],G1.5,60
459,[32],PA1.125,64
460,[32],PA1.25,65
461,[32],PA1.375,66
462,[32],PA1.5,67
463,[32],C1.0,52
464,[32],C1.125,53
465,[32],C1.25,54
466,[32],C1.375,55
467,[32],C1.5,56
468,[32],MP0.625,61
469,[32],MP0.75,62
470,[32],MP1.0,63
471,[32],T1.5,68
472,[32],T1.625,69
473,[32],T1.75,70
474,[33],P0,71
475,[34],Mix 1,72
476,[35],D.M10-350-1:1,73
477,[35],D.M10-350-1:2,74
478,[35],D.M10-350-1:3,75
479,[35],D.M14-350-1:1,79
480,[35],D.M14-350-1:2,80
481,[35],D.M14-350-1:3,81
482,[35],D.M16-350-1:1,85
483,[35],D.M16-350-1:2,86
484,[35],D.M16-350-1:3,87
485,[35],D.M10-450-1:1,76
486,[35],D.M10-450-1:2,77
487,[35],D.M10-450-1:3,78
488,[35],D.M14-450-1:1,82
489,[35],D.M14-450-1:2,83
490,[35],D.M14-450-1:3,84
491,[35],D.M16-450-1:1,88
492,[35],D.M16-450-1:2,89
493,[35],D.M16-450-1:3,90
494,[35],D.M10-350-1:2,74
495,[35],D.M14-350-1:2,80
496,[35],D.M16-350-1:2,86
497,[35],D.M10-450-1:2,77
498,[35],D.M14-450-1:2,83
499,[35],D.M16-450-1:2,89
500,[36],S/H 1-10M Room,92
501,[36],S/H 1-15M Room,94
502,[36],S/H 1-20M Room,96
503,[36],S/H 2-10M Room,98
504,[36],S/H 2-15M Room,100
505,[36],S/H 2-20M Room,102
506,[36],S/H 1-10M Oven,91
507,[36],S/H 1-15M Oven,93
508,[36],S/H 1-20M Oven,95
509,[36],S/H 2-10M Oven,97
510,[36],S/H 2-15M Oven,99
511,[36],S/H 2-20M Oven,101
512,[37],M1,103
513,[38],G15-1.00,104
514,[39],F100-0.5A,108
515,[39],F100-0.25,105
516,[39],F100-0.3,106
517,[39],F100-0.35,107
518,[40],FA 100-GGBS0,109
519,[41],Mix no.4,116
520,[41],Mix no.5,117
521,[41],Mix no.6,118
522,[41],Mix no.7,119
523,[41],Mix no.8,120
524,[41],,110
525,[41],,110
526,[41],Mix no.10,111
527,[41],Mix no.11,112
528,[41],Mix no.12,113
529,[41],Mix no.13,114
530,[41],Mix no.14,115
531,[42],Mix no.1,121
532,[42],Mix no.2,127
533,[42],Mix no.3,128
534,[42],Mix no.4,129
535,[42],Mix no.5,130
536,[42],Mix no.6,131
537,[42],Mix no.7,132
538,[42],Mix no.8,133
539,[42],Mix no.9,134
540,[42],Mix no.10,122
541,[42],Mix no.11,123
542,[42],Mix no.12,124
543,[42],Mix no.13,125
544,[42],Mix no.14,126
545,[43],,135
546,[43],,135
547,[43],,135
548,[43],,135
549,[43],,135
577,[46],GPF,136
578,[47],Mix 1,137
579,[47],Mix 2,138
580,[47],Mix 3,139
581,[47],Mix 4,140
582,[47],Mix 5,141
583,[48],G1100,142
584,[48],G2100,143
585,[48],G3100,144
586,[48],G4100,145
587,[49],GRS1,146
588,[49],GTS1,149
589,[49],GUS1,152
590,[49],GRS2,147
591,[49],GTS2,150
592,[49],GUS2,153
593,[49],GRS3,148
594,[49],GTS3,151
595,[49],GUS3,154
596,[50],Gladstone FA,164
597,[50],Pt. Augusta FA,165
598,[50],Collie FA,163
599,[50],Tarong FA,166
600,[51],G30,167
601,[51],G40,168
602,[51],G50,169
603,[52],8M Oven,177
604,[52],10M Oven,171
605,[52],12M Oven,173
606,[52],14M Oven,175
607,[52],8M Ambient,176
608,[52],10M Ambient,170
609,[52],12M Ambient,172
610,[52],14M Ambient,174
647,[53],F100C0,178
650,[55],A35 S00,179
651,[56],A40 S00,180
652,[57],Ms1,181
653,[57],Ms2,182
654,[57],Ms3,183
655,[57],Ms4,184
656,[58],10C1,185
657,[58],10C2,186
658,[58],10C3,187
659,[58],10C4,188
660,[58],10C5,189
661,[58],10C6,190
662,[58],10C7,191
663,[58],10C8,192
664,[58],10C9,193
665,[59],M20,194
666,[59],M40,195
667,[59],M60,196
692,[61],Batch A ambient,200
694,[61],Batch A oven,201
696,[62],FAGP,202
697,[63],FA0-20,203
698,[63],FA0-80,204
699,[64],8M1,235
700,[64],8M2,236
701,[64],8M3,242
702,[64],8M4,243
703,[64],8M5,244
704,[64],10M1,205
705,[64],10M2,206
706,[64],10M3,212
707,[64],10M4,213
708,[64],10M5,214
709,[64],12M1,215
710,[64],12M2,216
711,[64],12M3,222
712,[64],12M4,223
713,[64],12M5,224
714,[64],14M1,225
715,[64],14M2,226
716,[64],14M3,232
717,[64],14M4,233
718,[64],14M5,234
719,[64],8M21,237
720,[64],8M22,238
721,[64],8M23,239
722,[64],8M24,240
723,[64],8M25,241
724,[64],10M21,207
725,[64],10M22,208
726,[64],10M23,209
727,[64],10M24,210
728,[64],10M25,211
729,[64],12M21,217
730,[64],12M22,218
731,[64],12M23,219
732,[64],12M24,220
733,[64],12M25,221
734,[64],14M21,227
735,[64],14M22,228
736,[64],14M23,229
737,[64],14M24,230
738,[64],14M25,231
739,[65],0.45AAS10M7mmLS,247
740,[65],0.45AAS10M10mmLS,245
741,[65],0.45AAS10M16mmLS,246
742,[65],0.50AAS10M7mmLS,253
743,[65],0.50AAS10M10mmLS,251
744,[65],0.50AAS10M16mmLS,252
745,[65],0.55AAS10M7mmLS,259
746,[65],0.55AAS10M10mmLS,257
747,[65],0.55AAS10M6mmLS,258
748,[65],0.60AAS10M7mmLS,265
749,[65],0.60AAS10M10mmLS,263
750,[65],0.60AAS10M16mmLS,264
751,[65],0.45AAS15M7mmLS,250
752,[65],0.45AAS150M10mmLS,248
753,[65],0.45AAS15M16mmLS,249
754,[65],0.50AAS15M7mmLS,256
755,[65],0.50AAS15M10mmLS,254
756,[65],0.50AAS15M16mmLS,255
757,[65],0.55AASB15M7mmLS,262
758,[65],0.55AAS15M10mmLS,260
759,[65],0.55AAS15M16mmLS,261
760,[65],0.60AASB15M7mmLS,268
761,[65],0.60AAS15M10mmLS,266
762,[65],0.60AAS15M16mmLS,267
763,[66],1,269
764,[66],2,280
765,[66],3,290
766,[66],4,291
767,[66],5,292
768,[66],6,293
769,[66],7,294
770,[66],8,295
771,[66],9,296
772,[66],10,270
773,[66],11,271
774,[66],12,272
775,[66],13,273
776,[66],14,274
777,[66],15,275
778,[66],16,276
779,[66],17,277
780,[66],18,278
781,[66],19,279
782,[66],20,281
783,[66],21,282
784,[66],22,283
785,[66],23,284
786,[66],24,285
787,[66],25,286
788,[66],26,287
789,[66],27,288
790,[66],28,289
791,[66],pre 1,297
792,[66],pre 2,298
793,[66],pre 3,299
794,[67],,300
795,[67],,300
796,[67],,300
797,[67],,300
798,[67],,300
799,[67],,300
