Idx_Sample,SiO2,Al2O3,Fe2O3,CaO,MgO,Na2O,K2O,SO3,TiO2,P2O5,SrO,Mn2O3,MnO,LOI,"SAF, %",SiO2/Al2O3 ratio,FA (kg/m3),FA density (kg/m3),Coarse aggregate (kg/m3),Fine aggregate (kg in 1m3 mix),Total aggregates (kg in 1m3 mix),Binder-to-total-aggregates ratio,Fine-to-total-aggregate ratio,Coarse aggregate,Fine aggregate,Total Na2SiO3 (kg in 1m3 of mix),Na2O (Dry),SiO2 (Dry),Water,Total NaOH (kg in 1m3 mix),Na2O solid,Concentration (M) NaOH,Water__duplicate_1,NaOH (Dry),Solid-activator/binder ratio,Total-Na2SiO3/Total-NaOH ratio,Total-Na2O/binder ratio,MS (SiO2/Na2O),Additional water (kg in 1m3 mix),Superplasticizer (kg in 1m3 mix),Total water (kg in 1m3 mix),Water-to-binder ratio,Slump (mm),Initial curing time (day),Initial curing temp (C),Initial curing rest time (day),Final curing temp (C),Cube D,Cylinder D,Cylinder H,converted_strength_28d
77,47.8,24.4,17.4,2.42,1.99,0.31,0.55,0.29,1.328,2.0,0.0,0.0,0.0,1.1,89.6,1.959,408.0,,1309.0,561.0,1870.0,0.218,0.3,,,88.0,12.94,25.87,49.19,35.0,15.19,14.0,15.4,19.6,0.132,2.514,0.069,0.92,16.5,8.2,86.0,0.21,,1.0,90.0,0.0,24.0,,100.0,200.0,32.0
78,47.8,24.4,17.4,2.42,1.99,0.31,0.55,0.29,1.328,2.0,0.0,0.0,0.0,1.1,89.6,1.959,408.0,,1309.0,561.0,1870.0,0.218,0.3,,,88.0,12.94,25.87,49.19,35.0,15.19,14.0,15.4,19.6,0.132,2.514,0.069,0.92,16.5,8.2,86.0,0.21,,1.0,90.0,0.0,24.0,,100.0,200.0,38.0
81,47.8,24.4,17.4,2.42,1.99,0.31,0.55,0.29,1.328,2.0,0.0,0.0,0.0,1.1,89.6,1.959,408.0,,1309.0,561.0,1870.0,0.218,0.3,,,88.0,12.94,25.87,49.19,35.0,15.19,14.0,15.4,19.6,0.132,2.514,0.069,0.92,20.7,8.2,90.2,0.22,,1.0,90.0,0.0,24.0,,100.0,200.0,27.0
82,47.8,24.4,17.4,2.42,1.99,0.31,0.55,0.29,1.328,2.0,0.0,0.0,0.0,1.1,89.6,1.959,408.0,,1309.0,561.0,1870.0,0.218,0.3,,,88.0,12.94,25.87,49.19,35.0,15.19,14.0,15.4,19.6,0.132,2.514,0.069,0.92,20.7,8.2,90.2,0.22,,1.0,90.0,0.0,24.0,,100.0,200.0,32.0
85,47.8,24.4,17.4,2.42,1.99,0.31,0.55,0.29,1.328,2.0,0.0,0.0,0.0,1.1,89.6,1.959,408.0,,1309.0,561.0,1870.0,0.218,0.3,,,88.0,12.94,25.87,49.19,35.0,15.19,14.0,15.4,19.6,0.132,2.514,0.069,0.92,24.8,8.2,94.3,0.23,,1.0,90.0,0.0,24.0,,100.0,200.0,18.0
86,47.8,24.4,17.4,2.42,1.99,0.31,0.55,0.29,1.328,2.0,0.0,0.0,0.0,1.1,89.6,1.959,408.0,,1309.0,561.0,1870.0,0.218,0.3,,,88.0,12.94,25.87,49.19,35.0,15.19,14.0,15.4,19.6,0.132,2.514,0.069,0.92,24.8,8.2,94.3,0.23,,1.0,90.0,0.0,24.0,,100.0,200.0,24.0
90,47.8,24.4,17.4,2.42,1.99,0.31,0.55,0.29,1.328,2.0,0.0,0.0,0.0,1.1,89.6,1.959,408.0,,1309.0,561.0,1870.0,0.218,0.3,,,103.0,15.14,30.28,57.58,51.0,22.13,14.0,22.44,28.56,0.166,2.02,0.091,0.812,20.7,6.1,104.4,0.26,,1.0,60.0,0.0,24.0,,100.0,200.0,35.0
97,47.8,24.4,17.4,2.42,1.99,0.31,0.55,0.29,1.328,2.0,0.0,0.0,0.0,1.1,89.6,1.959,476.0,,1294.0,554.0,1848.0,0.258,0.3,,,120.0,17.64,35.28,67.08,48.0,11.9,8.0,32.64,15.36,0.136,2.5,0.062,1.194,0.0,0.0,99.7,0.21,,1.0,60.0,0.0,24.0,,100.0,200.0,58.0
127,53.09,24.8,8.01,2.44,1.94,0.73,3.78,0.23,0.0,0.0,0.0,0.0,0.0,3.59,85.9,2.141,465.0,,1036.99115,823.0088496,1860.0,0.25,0.442,,,38.3625,3.15,10.66,24.55,217.39,84.24,12.5,108.69,108.69,0.211,0.176,0.188,0.122,0.0,0.0,133.2,0.29,,1.0,85.0,,24.0,150.0,,,34.8
131,50.3,26.3,13.6,2.27,1.44,0.36,0.55,0.32,0.0,1.58,0.0,0.0,0.0,0.6,90.2,1.913,408.0,,1201.0,647.0,1848.0,0.221,0.35,,,103.0,15.17,30.64,57.19,41.0,17.79,14.0,18.04,22.96,0.156,2.512,0.081,0.929,0.0,6.1,78.9,0.19,260.0,1.0,60.0,,24.0,,100.0,200.0,34.0
132,50.3,26.3,13.6,2.27,1.44,0.36,0.55,0.32,0.0,1.58,0.0,0.0,0.0,0.6,90.2,1.913,408.0,,1201.0,647.0,1848.0,0.221,0.35,,,103.0,15.17,30.64,57.19,41.0,17.79,14.0,18.04,22.96,0.156,2.512,0.081,0.929,0.0,6.1,78.9,0.19,230.0,1.0,60.0,,24.0,,100.0,200.0,40.0
133,50.3,26.3,13.6,2.27,1.44,0.36,0.55,0.32,0.0,1.58,0.0,0.0,0.0,0.6,90.2,1.913,408.0,,1201.0,647.0,1848.0,0.221,0.35,,,103.0,15.17,30.64,57.19,41.0,17.79,14.0,18.04,22.96,0.156,2.512,0.081,0.929,0.0,6.1,78.9,0.19,270.0,1.0,60.0,,24.0,,100.0,200.0,66.0
134,50.3,26.3,13.6,2.27,1.44,0.36,0.55,0.32,0.0,1.58,0.0,0.0,0.0,0.6,90.2,1.913,444.0,,1140.0,630.0,1770.0,0.251,0.356,,,111.0,15.17,30.64,57.19,44.0,19.1,14.0,18.04,24.64,0.146,2.523,0.077,0.894,0.0,6.1,78.9,0.18,270.0,1.0,60.0,,24.0,,100.0,200.0,47.0
135,50.3,26.3,13.6,2.27,1.44,0.36,0.55,0.32,0.0,1.58,0.0,0.0,0.0,0.6,90.2,1.913,356.0,,1248.0,672.0,1920.0,0.185,0.35,,,89.0,16.35,33.02,61.63,36.0,15.62,14.0,19.36,20.16,0.183,2.472,0.09,1.033,0.0,6.1,84.6,0.24,260.0,1.0,60.0,,24.0,,100.0,200.0,25.0
136,50.3,26.3,13.6,2.27,1.44,0.36,0.55,0.32,0.0,1.58,0.0,0.0,0.0,0.6,90.2,1.913,424.0,,1201.0,647.0,1848.0,0.229,0.35,,,91.0,13.11,26.48,49.41,36.0,15.62,14.0,15.84,20.16,0.13,2.528,0.068,0.922,0.0,6.1,68.9,0.16,240.0,1.0,60.0,,24.0,,100.0,200.0,35.0
137,50.3,26.3,13.6,2.27,1.44,0.36,0.55,0.32,0.0,1.58,0.0,0.0,0.0,0.6,90.2,1.913,381.0,,1201.0,647.0,1848.0,0.206,0.35,,,122.0,15.17,30.64,57.19,49.0,21.27,14.0,18.04,27.44,0.176,2.49,0.096,0.841,0.0,6.1,78.9,0.21,260.0,1.0,60.0,,24.0,,100.0,200.0,34.0
138,50.3,26.3,13.6,2.27,1.44,0.36,0.55,0.32,0.0,1.58,0.0,0.0,0.0,0.6,90.2,1.913,408.0,,1292.0,554.0,1846.0,0.221,0.3,,,103.0,13.4,27.07,50.52,41.0,17.79,14.0,15.84,22.96,0.143,2.512,0.076,0.868,0.0,6.1,70.0,0.17,250.0,1.0,60.0,,24.0,,100.0,200.0,35.0
139,49.45,29.61,10.72,3.47,1.3,0.31,0.54,0.27,1.76,0.53,0.0,0.17,0.0,1.45,89.78,1.67,476.0,,1039.0,784.0,1823.0,0.261,0.43,,,90.0,13.23,26.46,50.31,95.0,29.45,10.0,57.0,38.0,0.145,0.947,0.09,0.62,40.0,0.0,147.3,0.31,300.0,,25.0,,24.0,,100.0,200.0,43.0
140,49.45,29.61,10.72,3.47,1.3,0.31,0.54,0.27,1.76,0.53,0.0,0.17,0.0,1.45,89.78,1.67,467.0,,1039.0,784.0,1823.0,0.256,0.43,,,119.0,17.49,34.99,66.52,75.0,23.25,10.0,45.0,30.0,0.162,1.587,0.087,0.859,38.0,0.0,149.5,0.32,300.0,,25.0,,24.0,,100.0,200.0,52.0
141,49.45,29.61,10.72,3.47,1.3,0.31,0.54,0.27,1.76,0.53,0.0,0.17,0.0,1.45,89.78,1.67,461.0,,1039.0,784.0,1823.0,0.253,0.43,,,147.0,21.61,43.22,82.17,56.0,17.36,10.0,33.6,22.4,0.178,2.625,0.085,1.109,36.0,0.0,151.8,0.33,300.0,,25.0,,24.0,,100.0,200.0,55.0
142,61.18,25.0,6.47,1.34,0.0,0.051,0.0,0.0,0.0,0.0,0.0,0.0,0.0,1.63,92.65,2.447,400.0,2.4,1056.0,704.0,1760.0,0.227,0.4,2.64,2.43,171.42,21.68,51.31,98.43,68.57,21.26,10.0,41.14,27.43,0.236,2.5,0.107,1.195,0.0,6.0,143.2,0.36,160.0,1.0,60.0,0.041666667,24.0,100.0,,,21.0
143,61.18,25.0,6.47,1.34,0.0,0.051,0.0,0.0,0.0,0.0,0.0,0.0,0.0,1.63,92.65,2.447,400.0,2.4,1056.0,704.0,1760.0,0.227,0.4,2.64,2.43,171.42,21.68,51.31,98.43,68.57,25.51,12.0,35.66,32.91,0.246,2.5,0.118,1.087,0.0,6.0,137.7,0.34,140.0,1.0,60.0,0.041666667,24.0,100.0,,,22.0
144,61.18,25.0,6.47,1.34,0.0,0.051,0.0,0.0,0.0,0.0,0.0,0.0,0.0,1.63,92.65,2.447,400.0,2.4,1056.0,704.0,1760.0,0.227,0.4,2.64,2.43,171.42,21.68,51.31,98.43,68.57,29.76,14.0,30.17,38.4,0.257,2.5,0.129,0.997,0.0,6.0,132.2,0.33,135.0,1.0,60.0,0.041666667,24.0,100.0,,,24.0
145,61.18,25.0,6.47,1.34,0.0,0.051,0.0,0.0,0.0,0.0,0.0,0.0,0.0,1.63,92.65,2.447,400.0,2.4,1056.0,704.0,1760.0,0.227,0.4,2.64,2.43,171.42,21.68,51.31,98.43,68.57,34.01,16.0,24.69,43.88,0.268,2.5,0.139,0.921,0.0,6.0,126.7,0.32,110.0,1.0,60.0,0.041666667,24.0,100.0,,,25.0
180,51.3,30.1,4.57,8.73,0.0,0.0,1.56,1.4,0.698,1.6,0.0,0.0,0.0,0.0,85.97,1.704,400.0,,950.0,850.0,1800.0,0.222,0.472,2.66,2.61,143.0,20.39,42.08,80.52,57.0,21.2,12.0,29.64,27.36,0.209,2.509,0.104,1.012,48.0,28.0,175.0,0.44,,1.0,70.0,,24.0,100.0,,,38.0
181,51.3,30.1,4.57,8.73,0.0,0.0,1.56,1.4,0.698,1.6,0.0,0.0,0.0,0.0,85.97,1.704,400.0,,950.0,850.0,1800.0,0.222,0.472,2.66,2.61,143.0,20.39,42.08,80.52,57.0,21.2,12.0,29.64,27.36,0.209,2.509,0.104,1.012,48.0,28.0,175.0,0.44,,2.0,70.0,,24.0,100.0,,,43.0
182,51.3,30.1,4.57,8.73,0.0,0.0,1.56,1.4,0.698,1.6,0.0,0.0,0.0,0.0,85.97,1.704,400.0,,950.0,850.0,1800.0,0.222,0.472,2.66,2.61,143.0,20.39,42.08,80.52,57.0,21.2,12.0,29.64,27.36,0.209,2.509,0.104,1.012,48.0,28.0,175.0,0.44,,3.0,70.0,,24.0,100.0,,,43.0
183,51.3,30.1,4.57,8.73,0.0,0.0,1.56,1.4,0.698,1.6,0.0,0.0,0.0,0.0,85.97,1.704,400.0,,950.0,850.0,1800.0,0.222,0.472,2.66,2.61,143.0,20.39,42.08,80.52,57.0,21.2,12.0,29.64,27.36,0.209,2.509,0.104,1.012,48.0,28.0,175.0,0.44,,4.0,70.0,,24.0,100.0,,,43.0
184,51.3,30.1,4.57,8.73,0.0,0.0,1.56,1.4,0.698,1.6,0.0,0.0,0.0,0.0,85.97,1.704,400.0,,950.0,850.0,1800.0,0.222,0.472,2.66,2.61,143.0,20.39,42.08,80.52,57.0,21.2,12.0,29.64,27.36,0.209,2.509,0.104,1.012,48.0,28.0,175.0,0.44,,2.0,60.0,,24.0,100.0,,,38.0
185,51.3,30.1,4.57,8.73,0.0,0.0,1.56,1.4,0.698,1.6,0.0,0.0,0.0,0.0,85.97,1.704,400.0,,950.0,850.0,1800.0,0.222,0.472,2.66,2.61,143.0,20.39,42.08,80.52,57.0,21.2,12.0,29.64,27.36,0.209,2.509,0.104,1.012,48.0,28.0,175.0,0.44,,2.0,70.0,,24.0,100.0,,,43.0
186,51.3,30.1,4.57,8.73,0.0,0.0,1.56,1.4,0.698,1.6,0.0,0.0,0.0,0.0,85.97,1.704,400.0,,950.0,850.0,1800.0,0.222,0.472,2.66,2.61,143.0,20.39,42.08,80.52,57.0,21.2,12.0,29.64,27.36,0.209,2.509,0.104,1.012,48.0,28.0,175.0,0.44,,2.0,80.0,,24.0,100.0,,,40.0
187,51.3,30.1,4.57,8.73,0.0,0.0,1.56,1.4,0.698,1.6,0.0,0.0,0.0,0.0,85.97,1.704,400.0,,950.0,850.0,1800.0,0.222,0.472,2.66,2.61,143.0,20.39,42.08,80.52,57.0,21.2,12.0,29.64,27.36,0.209,2.509,0.104,1.012,48.0,28.0,175.0,0.44,,2.0,90.0,,24.0,100.0,,,40.0
198,50.5,26.57,13.77,2.13,1.54,0.45,0.77,0.41,0.0,0.0,0.0,0.0,0.0,0.0,90.84,1.901,408.0,2.2,1201.0,647.0,1848.0,0.221,0.35,2.64,2.58,103.0,15.14,30.28,57.58,41.0,17.79,14.0,18.04,22.96,0.155,2.512,0.081,0.919,25.8,6.1,105.1,0.26,260.0,,24.0,,,,100.0,200.0,34.0
199,50.5,26.57,13.77,2.13,1.54,0.45,0.77,0.41,0.0,0.0,0.0,0.0,0.0,0.0,90.84,1.901,408.0,2.2,1201.0,647.0,1848.0,0.221,0.35,2.64,2.58,103.0,15.14,30.28,57.58,41.0,17.79,14.0,18.04,22.96,0.155,2.512,0.081,0.919,20.7,6.1,100.0,0.25,230.0,,24.0,,,,100.0,200.0,40.0
200,50.5,26.57,13.77,2.13,1.54,0.45,0.77,0.41,0.0,0.0,0.0,0.0,0.0,0.0,90.84,1.901,408.0,2.2,1201.0,647.0,1848.0,0.221,0.35,2.64,2.58,103.0,15.14,30.28,57.58,41.0,17.79,14.0,18.04,22.96,0.155,2.512,0.081,0.919,16.5,6.1,95.8,0.23,270.0,,24.0,,,,100.0,200.0,65.0
201,50.5,26.57,13.77,2.13,1.54,0.45,0.77,0.41,0.0,0.0,0.0,0.0,0.0,0.0,90.84,1.901,444.0,2.2,1170.0,630.0,1800.0,0.247,0.35,2.64,2.58,111.0,16.32,32.63,62.05,44.0,19.1,14.0,19.36,24.64,0.153,2.523,0.08,0.921,25.8,6.1,110.9,0.25,260.0,,24.0,,,,100.0,200.0,47.0
202,50.5,26.57,13.77,2.13,1.54,0.45,0.77,0.41,0.0,0.0,0.0,0.0,0.0,0.0,90.84,1.901,356.0,2.2,1248.0,672.0,1920.0,0.185,0.35,2.64,2.58,89.0,13.08,26.17,49.75,36.0,15.62,14.0,15.84,20.16,0.154,2.472,0.081,0.912,25.8,6.1,95.1,0.27,240.0,,24.0,,,,100.0,200.0,25.0
203,50.5,26.57,13.77,2.13,1.54,0.45,0.77,0.41,0.0,0.0,0.0,0.0,0.0,0.0,90.84,1.901,424.0,2.2,1201.0,647.0,1848.0,0.229,0.35,2.64,2.58,91.0,13.38,26.75,50.87,36.0,15.62,14.0,15.84,20.16,0.131,2.528,0.068,0.922,25.8,6.1,96.2,0.23,250.0,,24.0,,,,100.0,200.0,33.0
204,50.5,26.57,13.77,2.13,1.54,0.45,0.77,0.41,0.0,0.0,0.0,0.0,0.0,0.0,90.84,1.901,381.0,2.2,1201.0,647.0,1848.0,0.206,0.35,2.64,2.58,122.0,17.93,35.87,68.2,49.0,21.27,14.0,21.56,27.44,0.197,2.49,0.103,0.915,25.8,6.1,119.2,0.31,250.0,,24.0,,,,100.0,200.0,34.0
205,50.5,26.57,13.77,2.13,1.54,0.45,0.77,0.41,0.0,0.0,0.0,0.0,0.0,0.0,90.84,1.901,408.0,2.2,1292.0,554.0,1846.0,0.221,0.3,2.64,2.58,103.0,15.14,30.28,57.58,41.0,17.79,14.0,18.04,22.96,0.155,2.512,0.081,0.919,25.8,6.1,105.1,0.26,260.0,,24.0,,,,100.0,200.0,35.0
206,50.5,26.57,13.77,2.13,1.54,0.45,0.77,0.41,0.0,0.0,0.0,0.0,0.0,0.0,90.84,1.901,408.0,2.2,1294.0,554.0,1848.0,0.221,0.3,2.64,2.58,103.0,15.14,30.28,57.58,41.0,17.79,14.0,18.04,22.96,0.155,2.512,0.081,0.919,25.8,6.1,105.1,0.26,240.0,,24.0,,,,100.0,200.0,34.0
207,48.3,30.5,12.1,2.8,1.2,0.2,0.4,0.3,0.0,0.0,0.0,0.0,0.0,1.7,90.9,1.584,381.0,,1294.0,554.0,1294.0,0.294,0.428,,,122.0,17.93,35.87,68.2,49.0,12.15,8.0,33.32,15.68,0.173,2.49,0.079,1.192,0.0,0.0,101.5,0.27,,1.0,25.0,,24.0,,100.0,200.0,68.0
208,48.3,30.5,12.1,2.8,1.2,0.2,0.4,0.3,0.0,0.0,0.0,0.0,0.0,1.7,90.9,1.584,381.0,,1294.0,554.0,1848.0,0.206,0.3,,,140.0,20.58,41.16,78.26,49.0,12.15,8.0,33.32,15.68,0.194,2.857,0.086,1.257,0.0,0.0,111.6,0.29,,3.0,60.0,,24.0,,100.0,200.0,70.0
209,48.3,30.5,12.1,2.8,1.2,0.2,0.4,0.3,0.0,0.0,0.0,0.0,0.0,1.7,90.9,1.584,381.0,,1294.0,554.0,1848.0,0.206,0.3,,,117.0,17.2,34.4,65.4,106.0,26.29,8.0,72.08,33.92,0.204,1.104,0.114,0.791,0.0,0.0,137.5,0.36,,7.0,60.0,,24.0,,100.0,200.0,76.0
298,51.7,29.1,4.76,8.84,0.0,0.0,1.6,1.5,0.702,1.7,0.19,0.0,0.0,0.0,85.56,1.777,350.0,,1200.0,645.0,1845.0,0.19,0.35,,,103.0,15.17,30.64,57.19,41.0,10.17,8.0,27.88,13.12,0.16,2.512,0.072,1.209,35.0,0.0,120.1,0.34,,,35.0,,24.0,,100.0,200.0,19.0
299,51.7,29.1,4.76,8.84,0.0,0.0,1.6,1.5,0.702,1.7,0.19,0.0,0.0,0.0,85.56,1.777,350.0,,1200.0,645.0,1845.0,0.19,0.35,,,103.0,15.17,30.64,57.19,41.0,10.17,8.0,27.88,13.12,0.16,2.512,0.072,1.209,35.0,0.0,120.1,0.34,,,55.0,,,,100.0,200.0,46.0
300,51.7,29.1,4.76,8.84,0.0,0.0,1.6,1.5,0.702,1.7,0.19,0.0,0.0,0.0,85.56,1.777,350.0,,1200.0,645.0,1845.0,0.19,0.35,,,103.0,15.17,30.64,57.19,41.0,10.17,8.0,27.88,13.12,0.16,2.512,0.072,1.209,35.0,0.0,120.1,0.34,,1.0,65.0,,,,100.0,200.0,48.0
301,50.5,26.57,13.77,2.13,1.54,0.45,0.77,0.41,0.1,1.0,0.0,0.0,0.0,2.1,90.84,1.901,498.46,,,,1752.0,0.285,0.0,,,89.72,13.19,26.38,50.15,59.82,22.25,12.0,31.11,28.71,0.124,1.5,0.071,0.744,26.47,6.1,111.4,0.22,,1.0,60.0,,24.0,,100.0,200.0,39.0
302,50.5,26.57,13.77,2.13,1.54,0.45,0.77,0.41,0.1,1.0,0.0,0.0,0.0,2.1,90.84,1.901,480.0,,,,1752.0,0.274,0.0,,,112.0,16.46,32.93,62.61,56.0,20.83,12.0,29.12,26.88,0.146,2.0,0.078,0.883,23.65,6.1,119.0,0.25,,1.0,70.0,,24.0,,100.0,200.0,36.0
303,50.5,26.57,13.77,2.13,1.54,0.45,0.77,0.41,0.1,1.0,0.0,0.0,0.0,2.1,90.84,1.901,462.86,,,,1752.0,0.264,0.0,,,132.24,19.44,38.88,73.92,52.9,19.68,12.0,27.51,25.39,0.169,2.5,0.085,0.994,21.23,6.1,126.3,0.27,,1.0,75.0,,24.0,,100.0,200.0,48.0
304,50.5,26.57,13.77,2.13,1.54,0.45,0.77,0.41,0.1,1.0,0.0,0.0,0.0,2.1,90.84,1.901,461.54,,,,1800.0,0.256,0.0,,,92.31,13.57,27.14,51.6,46.15,17.17,12.0,24.0,22.15,0.125,2.0,0.067,0.883,18.61,6.1,97.9,0.21,,1.0,75.0,,24.0,,100.0,200.0,41.0
305,50.5,26.57,13.77,2.13,1.54,0.45,0.77,0.41,0.1,1.0,0.0,0.0,0.0,2.1,90.84,1.901,444.44,,,,1800.0,0.247,0.0,,,111.11,16.33,32.67,62.11,44.44,16.53,12.0,23.11,21.33,0.147,2.5,0.074,0.994,18.55,6.1,107.4,0.24,,1.0,60.0,,24.0,,100.0,200.0,38.0
306,50.5,26.57,13.77,2.13,1.54,0.45,0.77,0.41,0.1,1.0,0.0,0.0,0.0,2.1,90.84,1.901,428.57,,,,1800.0,0.238,0.0,,,102.86,15.12,30.24,57.5,68.57,25.51,12.0,35.66,32.91,0.165,1.5,0.095,0.744,28.51,6.1,125.3,0.29,,1.0,70.0,,24.0,,100.0,200.0,28.0
307,50.5,26.57,13.77,2.13,1.54,0.45,0.77,0.41,0.1,1.0,0.0,0.0,0.0,2.1,90.84,1.901,424.62,,,,1800.0,0.236,0.0,,,90.99,13.38,26.75,50.86,36.4,13.54,12.0,18.93,17.47,0.126,2.5,0.063,0.994,15.97,6.1,89.4,0.21,,1.0,70.0,,24.0,,100.0,200.0,53.0
308,50.5,26.57,13.77,2.13,1.54,0.45,0.77,0.41,0.1,1.0,0.0,0.0,0.0,2.1,90.84,1.901,408.89,,,,1800.0,0.227,0.0,,,85.87,12.62,25.25,48.0,57.24,21.29,12.0,29.76,27.48,0.145,1.5,0.083,0.745,24.46,6.1,105.9,0.26,,1.0,75.0,,24.0,,100.0,200.0,35.0
309,50.5,26.57,13.77,2.13,1.54,0.45,0.77,0.41,0.1,1.0,0.0,0.0,0.0,2.1,90.84,1.901,394.29,,,,1848.0,0.213,0.0,,,105.14,15.46,30.91,58.77,52.57,19.56,12.0,27.34,25.23,0.167,2.0,0.089,0.883,21.47,6.1,111.2,0.28,,1.0,60.0,,24.0,,100.0,200.0,29.0
310,51.3,30.1,4.57,8.73,0.0,0.0,1.56,1.4,0.0,1.6,0.0,0.0,0.0,0.0,85.97,1.704,400.0,2.2,950.0,850.0,1800.0,0.222,0.472,2.66,2.61,143.0,21.02,42.04,79.94,57.0,21.2,12.0,29.64,27.36,0.211,2.509,0.106,0.996,48.0,12.0,164.8,0.41,,2.0,70.0,,,100.0,,,34.0
311,51.3,30.1,4.57,8.73,0.0,0.0,1.56,1.4,0.0,1.6,0.0,0.0,0.0,0.0,85.97,1.704,400.0,2.2,950.0,850.0,1800.0,0.222,0.472,2.66,2.61,143.0,21.02,42.04,79.94,57.0,21.2,12.0,29.64,27.36,0.211,2.509,0.106,0.996,48.0,16.0,167.2,0.42,,2.0,70.0,,,100.0,,,36.0
312,51.3,30.1,4.57,8.73,0.0,0.0,1.56,1.4,0.0,1.6,0.0,0.0,0.0,0.0,85.97,1.704,400.0,2.2,950.0,850.0,1800.0,0.222,0.472,2.66,2.61,143.0,21.02,42.04,79.94,57.0,21.2,12.0,29.64,27.36,0.211,2.509,0.106,0.996,48.0,20.0,169.6,0.42,,2.0,70.0,,,100.0,,,39.0
313,51.3,30.1,4.57,8.73,0.0,0.0,1.56,1.4,0.0,1.6,0.0,0.0,0.0,0.0,85.97,1.704,400.0,2.2,950.0,850.0,1800.0,0.222,0.472,2.66,2.61,143.0,21.02,42.04,79.94,57.0,21.2,12.0,29.64,27.36,0.211,2.509,0.106,0.996,48.0,24.0,172.0,0.43,,2.0,70.0,,,100.0,,,41.0
314,51.3,30.1,4.57,8.73,0.0,0.0,1.56,1.4,0.0,1.6,0.0,0.0,0.0,0.0,85.97,1.704,400.0,2.2,950.0,850.0,1800.0,0.222,0.472,2.66,2.61,143.0,21.02,42.04,79.94,57.0,21.2,12.0,29.64,27.36,0.211,2.509,0.106,0.996,48.0,28.0,174.4,0.44,,2.0,70.0,,,100.0,,,42.0
339,62.1,27.44,4.57,0.83,0.55,0.04,1.17,0.4,1.09,0.0,0.0,0.04,0.0,0.76,94.11,2.263,388.0,2.2,1241.0,523.0,1764.0,0.22,0.296,,,49.6,7.11,15.99,26.5,24.8,6.15,8.0,16.86,7.94,0.075,2.0,0.034,1.206,0.0,0.0,43.4,0.11,,1.0,60.0,,24.0,100.0,,,12.0
340,62.1,27.44,4.57,0.83,0.55,0.04,1.17,0.4,1.09,0.0,0.0,0.04,0.0,0.76,94.11,2.263,388.0,2.2,1241.0,523.0,1764.0,0.22,0.296,,,49.6,7.11,15.99,26.5,24.8,7.69,10.0,14.88,9.92,0.079,2.0,0.038,1.081,0.0,0.0,41.4,0.11,,1.0,60.0,,24.0,100.0,,,15.0
341,51.3,30.1,4.57,8.73,0.0,0.0,1.56,1.4,0.7,1.6,0.0,0.0,0.0,0.0,85.97,1.704,400.0,2.4,950.0,850.0,1800.0,0.222,0.472,2.66,2.61,143.0,20.53,42.08,80.38,57.0,17.67,10.0,34.2,22.8,0.201,2.509,0.096,1.102,48.0,24.0,177.0,0.44,,2.0,70.0,,,100.0,,,34.0
342,51.3,30.1,4.57,8.73,0.0,0.0,1.56,1.4,0.7,1.6,0.0,0.0,0.0,0.0,85.97,1.704,380.0,2.4,950.0,850.0,1800.0,0.211,0.472,2.66,2.61,143.0,20.53,42.08,80.38,57.0,17.67,10.0,34.2,22.8,0.211,2.509,0.101,1.102,48.0,24.0,177.0,0.47,,2.0,70.0,,,100.0,,,39.0
343,51.3,30.1,4.57,8.73,0.0,0.0,1.56,1.4,0.7,1.6,0.0,0.0,0.0,0.0,85.97,1.704,360.0,2.4,950.0,850.0,1800.0,0.2,0.472,2.66,2.61,143.0,20.53,42.08,80.38,57.0,17.67,10.0,34.2,22.8,0.223,2.509,0.106,1.102,48.0,24.0,177.0,0.49,,2.0,70.0,,,100.0,,,41.0
344,51.3,30.1,4.57,8.73,0.0,0.0,1.56,1.4,0.7,1.6,0.0,0.0,0.0,0.0,85.97,1.704,340.0,2.4,950.0,850.0,1800.0,0.189,0.472,2.66,2.61,143.0,20.53,42.08,80.38,57.0,17.67,10.0,34.2,22.8,0.236,2.509,0.112,1.102,48.0,24.0,177.0,0.52,,2.0,70.0,,,100.0,,,40.0
345,51.3,30.1,4.57,8.73,0.0,0.0,1.56,1.4,0.7,1.6,0.0,0.0,0.0,0.0,85.97,1.704,400.0,2.4,950.0,850.0,1800.0,0.222,0.472,2.66,2.61,143.0,20.53,42.08,80.38,57.0,14.14,8.0,38.76,18.24,0.192,2.509,0.087,1.214,48.0,24.0,181.5,0.45,,2.0,70.0,,24.0,100.0,,,41.0
351,60.0,22.7,4.6,4.5,1.0,0.7,2.0,0.5,0.0,0.0,0.0,0.0,0.0,4.0,87.3,2.643,480.0,2.4,960.0,720.0,1680.0,0.286,0.429,,,36.0,2.95,9.72,23.33,204.0,77.15,12.2,104.45,99.55,0.187,0.176,0.167,0.121,0.0,0.0,127.8,0.27,188.0,2.0,90.0,,24.0,150.0,,,40.0
352,50.5,26.57,13.77,2.13,1.54,0.45,0.77,0.41,0.0,1.0,0.0,0.0,0.0,0.6,90.84,1.901,408.0,,1201.0,647.0,1848.0,0.221,0.35,,,93.0,8.46,26.88,57.66,62.0,26.91,14.0,27.28,34.72,0.153,1.5,0.087,0.76,4.0,0.0,88.9,0.22,,1.0,60.0,,24.0,,100.0,200.0,31.0
353,50.5,26.57,13.77,2.13,1.54,0.45,0.77,0.41,0.0,1.0,0.0,0.0,0.0,0.6,90.84,1.901,408.0,,1201.0,647.0,1848.0,0.221,0.35,,,93.0,8.46,26.88,57.66,62.0,26.91,14.0,27.28,34.72,0.153,1.5,0.087,0.76,0.0,0.0,84.9,0.21,,1.0,60.0,,24.0,,100.0,200.0,35.0
354,50.5,26.57,13.77,2.13,1.54,0.45,0.77,0.41,0.0,1.0,0.0,0.0,0.0,0.6,90.84,1.901,408.0,,1201.0,647.0,1848.0,0.221,0.35,,,103.0,9.37,29.77,63.86,68.0,29.51,14.0,29.92,38.08,0.168,1.515,0.095,0.766,0.0,0.0,93.8,0.23,,1.0,60.0,,24.0,,100.0,200.0,47.0
421,54.1,31.83,3.22,4.86,1.23,0.24,0.77,0.0,1.66,0.41,0.0,0.0,0.0,0.65,89.15,1.7,465.0,2.37,1176.0,504.0,1680.0,0.277,0.3,2.79,2.63,182.0,16.25,54.24,111.51,73.0,13.58,6.0,55.48,17.52,0.181,2.493,0.064,1.818,0.0,0.0,167.0,0.36,,,25.0,,24.0,100.0,,,24.0
422,54.0,22.0,8.5,6.0,1.6,1.0,1.6,0.0,1.2,0.0,0.0,0.0,0.0,0.0,84.5,2.455,500.0,,,,1600.8,0.312,0.0,,,45.0,3.78,12.51,28.71,180.0,66.96,12.0,93.6,86.4,0.167,0.25,0.141,0.177,0.0,0.0,122.3,0.24,10.0,,24.0,,24.0,100.0,,,21.0
423,54.0,22.0,8.5,6.0,1.6,1.0,1.6,0.0,1.2,0.0,0.0,0.0,0.0,0.0,84.5,2.455,500.0,,,,1603.6,0.312,0.0,,,90.0,7.56,25.02,57.42,135.0,50.22,12.0,70.2,64.8,0.166,0.667,0.116,0.433,0.0,0.0,127.6,0.26,70.0,,24.0,,24.0,100.0,,,31.0
424,54.0,22.0,8.5,6.0,1.6,1.0,1.6,0.0,1.2,0.0,0.0,0.0,0.0,0.0,84.5,2.455,500.0,,,,1551.1,0.322,0.0,,,50.0,4.2,13.9,31.9,200.0,74.4,12.0,104.0,96.0,0.185,0.25,0.157,0.177,0.0,0.0,135.9,0.27,50.0,,24.0,,24.0,100.0,,,12.0
425,54.0,22.0,8.5,6.0,1.6,1.0,1.6,0.0,1.2,0.0,0.0,0.0,0.0,0.0,84.5,2.455,500.0,,,,1554.2,0.322,0.0,,,100.0,8.4,27.8,63.8,150.0,55.8,12.0,78.0,72.0,0.184,0.667,0.128,0.433,0.0,0.0,141.8,0.28,110.0,,24.0,,24.0,100.0,,,25.0
426,54.0,22.0,8.5,6.0,1.6,1.0,1.6,0.0,1.2,0.0,0.0,0.0,0.0,0.0,84.5,2.455,500.0,,,,1501.4,0.333,0.0,,,55.0,4.62,15.29,35.09,220.0,81.84,12.0,114.4,105.6,0.204,0.25,0.173,0.177,0.0,0.0,149.5,0.3,140.0,,24.0,,24.0,100.0,,,15.0
427,54.0,22.0,8.5,6.0,1.6,1.0,1.6,0.0,1.2,0.0,0.0,0.0,0.0,0.0,84.5,2.455,500.0,,,,1504.8,0.332,0.0,,,110.0,9.24,30.58,70.18,165.0,61.38,12.0,85.8,79.2,0.202,0.667,0.141,0.433,0.0,0.0,156.0,0.31,240.0,,24.0,,24.0,100.0,,,29.0
428,54.0,22.0,8.5,6.0,1.6,1.0,1.6,0.0,1.2,0.0,0.0,0.0,0.0,0.0,84.5,2.455,500.0,,,,1508.2,0.332,0.0,,,165.0,13.86,45.87,105.27,110.0,40.92,12.0,57.2,52.8,0.201,1.5,0.11,0.837,0.0,0.0,162.5,0.32,230.0,,24.0,,24.0,100.0,,,36.0
429,54.3,29.7,10.98,1.91,0.89,0.45,0.53,0.38,0.0,0.0,0.0,0.0,0.0,0.86,94.98,1.828,350.0,,1081.0,483.0,1564.0,0.224,0.309,,,100.0,14.7,29.4,55.9,40.0,17.36,14.0,17.6,22.4,0.176,2.5,0.092,0.917,0.0,0.0,73.5,0.21,,,24.0,1.0,24.0,150.0,150.0,300.0,23.0
430,50.0,28.25,13.5,1.79,0.89,0.32,0.46,0.38,1.54,0.98,0.0,0.0,0.0,0.64,91.75,1.77,400.0,,1209.0,651.0,1860.0,0.215,0.35,,,114.3,13.03,35.09,66.18,45.7,19.83,14.0,20.11,25.59,0.17,2.501,0.082,1.068,0.0,0.0,86.3,0.22,249.753,,25.0,,24.0,,100.0,200.0,26.0
443,49.0,31.0,2.8,5.4,2.5,3.76,1.17,0.3,2.1,0.9,0.1,0.1,0.0,0.3,82.8,1.581,424.8,,1183.2,585.6,1768.8,0.24,0.331,,,95.04,13.97,27.94,53.13,63.36,27.5,14.0,27.88,35.48,0.163,1.5,0.098,0.674,9.6,48.0,209.4,0.49,165.0,1.0,70.0,,24.0,,100.0,200.0,51.0
446,64.11,18.58,4.32,1.21,0.24,0.21,1.02,0.0,0.0,0.0,0.0,0.0,0.0,0.64,87.01,3.45,383.0,,1188.0,546.0,1734.0,0.221,0.315,2.66,2.61,120.0,17.11,35.32,67.57,80.0,19.84,8.0,54.4,25.6,0.189,1.5,0.096,0.956,0.0,0.0,122.0,0.32,,1.0,90.0,1.0,24.0,150.0,,,24.0
447,64.11,18.58,4.32,1.21,0.24,0.21,1.02,0.0,0.0,0.0,0.0,0.0,0.0,0.64,87.01,3.45,383.0,,1188.0,546.0,1734.0,0.221,0.315,2.66,2.61,120.0,17.11,35.32,67.57,80.0,24.8,10.0,48.0,32.0,0.202,1.5,0.109,0.843,0.0,0.0,115.6,0.3,,1.0,90.0,1.0,24.0,150.0,,,25.0
448,64.11,18.58,4.32,1.21,0.24,0.21,1.02,0.0,0.0,0.0,0.0,0.0,0.0,0.64,87.01,3.45,383.0,,1188.0,546.0,1734.0,0.221,0.315,2.66,2.61,120.0,17.11,35.32,67.57,80.0,29.76,12.0,41.6,38.4,0.215,1.5,0.122,0.754,0.0,0.0,109.2,0.29,,1.0,90.0,1.0,24.0,150.0,,,27.0
449,64.11,18.58,4.32,1.21,0.24,0.21,1.02,0.0,0.0,0.0,0.0,0.0,0.0,0.64,87.01,3.45,463.5,,1154.06,530.7,1684.76,0.275,0.315,2.66,2.61,120.0,17.11,35.32,67.57,80.0,19.84,8.0,54.4,25.6,0.156,1.5,0.08,0.956,0.0,0.0,122.0,0.26,,1.0,90.0,1.0,24.0,150.0,,,26.0
450,64.11,18.58,4.32,1.21,0.24,0.21,1.02,0.0,0.0,0.0,0.0,0.0,0.0,0.64,87.01,3.45,463.5,,1154.06,530.7,1684.76,0.275,0.315,2.66,2.61,120.0,17.11,35.32,67.57,80.0,24.8,10.0,48.0,32.0,0.167,1.5,0.09,0.843,0.0,0.0,115.6,0.25,,1.0,90.0,1.0,24.0,150.0,,,27.0
451,64.11,18.58,4.32,1.21,0.24,0.21,1.02,0.0,0.0,0.0,0.0,0.0,0.0,0.64,87.01,3.45,463.5,,1154.06,530.7,1684.76,0.275,0.315,2.66,2.61,120.0,17.11,35.32,67.57,80.0,29.76,12.0,41.6,38.4,0.177,1.5,0.101,0.754,0.0,0.0,109.2,0.24,,1.0,90.0,1.0,24.0,150.0,,,29.0
452,64.11,18.58,4.32,1.21,0.24,0.21,1.02,0.0,0.0,0.0,0.0,0.0,0.0,0.64,87.01,3.45,530.0,,1117.0,514.0,1631.0,0.325,0.315,2.66,2.61,120.0,17.11,35.32,67.57,80.0,19.84,8.0,54.4,25.6,0.136,1.5,0.07,0.956,0.0,0.0,122.0,0.23,,1.0,90.0,1.0,24.0,150.0,,,34.0
453,64.11,18.58,4.32,1.21,0.24,0.21,1.02,0.0,0.0,0.0,0.0,0.0,0.0,0.64,87.01,3.45,530.0,,1117.0,514.0,1631.0,0.325,0.315,2.66,2.61,120.0,17.11,35.32,67.57,80.0,24.8,10.0,48.0,32.0,0.146,1.5,0.079,0.843,0.0,0.0,115.6,0.22,,1.0,90.0,1.0,24.0,150.0,,,36.0
454,64.11,18.58,4.32,1.21,0.24,0.21,1.02,0.0,0.0,0.0,0.0,0.0,0.0,0.64,87.01,3.45,530.0,,1117.0,514.0,1631.0,0.325,0.315,2.66,2.61,120.0,17.11,35.32,67.57,80.0,29.76,12.0,41.6,38.4,0.155,1.5,0.088,0.754,0.0,0.0,109.2,0.21,,1.0,90.0,1.0,24.0,150.0,,,39.0
455,47.88,25.1,15.54,4.66,0.96,0.0,0.86,0.38,1.76,2.2,0.0,0.0,0.19,0.0,88.52,1.908,420.0,,936.0,706.0,1642.0,0.256,0.43,2.58,2.5,241.0,35.43,70.85,134.72,92.0,42.78,15.0,36.8,55.2,0.355,2.62,0.186,0.906,15.0,0.0,186.5,0.44,,1.0,80.0,,,,100.0,200.0,39.0
456,47.88,25.1,15.54,4.66,0.96,0.0,0.86,0.38,1.76,2.2,0.0,0.0,0.19,0.0,88.52,1.908,418.0,,931.0,702.0,1633.0,0.256,0.43,2.58,2.5,266.0,39.1,78.2,148.69,78.0,36.27,15.0,31.2,46.8,0.367,3.41,0.18,1.038,12.0,0.0,191.9,0.46,,1.0,80.0,,,,100.0,200.0,47.0
457,47.88,25.1,15.54,4.66,0.96,0.0,0.86,0.38,1.76,2.2,0.0,0.0,0.19,0.0,88.52,1.908,416.0,,927.0,699.0,1626.0,0.256,0.43,2.58,2.5,292.0,42.92,85.85,163.23,65.0,30.23,15.0,26.0,39.0,0.382,4.492,0.176,1.174,8.0,0.0,197.2,0.47,,1.0,80.0,,,,100.0,200.0,47.0
458,47.88,25.1,15.54,4.66,0.96,0.0,0.86,0.38,1.76,2.2,0.0,0.0,0.19,0.0,88.52,1.908,414.0,,924.0,697.0,1621.0,0.255,0.43,2.58,2.5,317.0,46.6,93.2,177.2,52.0,24.18,15.0,20.8,31.2,0.396,6.096,0.171,1.317,3.0,0.0,201.0,0.49,,1.0,80.0,,,,100.0,200.0,35.0
459,49.37,31.25,4.47,4.8,1.28,1.3,2.21,0.24,2.94,1.65,0.0,0.0,0.04,0.0,85.09,1.58,420.0,,936.0,706.0,1642.0,0.256,0.43,2.58,2.5,241.0,35.43,70.85,134.72,92.0,42.78,15.0,36.8,55.2,0.355,2.62,0.186,0.906,15.0,0.0,186.5,0.44,,1.0,80.0,,,,100.0,200.0,34.0
460,49.37,31.25,4.47,4.8,1.28,1.3,2.21,0.24,2.94,1.65,0.0,0.0,0.04,0.0,85.09,1.58,418.0,,931.0,702.0,1633.0,0.256,0.43,2.58,2.5,266.0,39.1,78.2,148.69,78.0,36.27,15.0,31.2,46.8,0.367,3.41,0.18,1.038,12.0,0.0,191.9,0.46,,1.0,80.0,,,,100.0,200.0,32.0
461,49.37,31.25,4.47,4.8,1.28,1.3,2.21,0.24,2.94,1.65,0.0,0.0,0.04,0.0,85.09,1.58,416.0,,927.0,699.0,1626.0,0.256,0.43,2.58,2.5,292.0,42.92,85.85,163.23,65.0,30.23,15.0,26.0,39.0,0.382,4.492,0.176,1.174,8.0,0.0,197.2,0.47,,1.0,80.0,,,,100.0,200.0,42.0
462,49.37,31.25,4.47,4.8,1.28,1.3,2.21,0.24,2.94,1.65,0.0,0.0,0.04,0.0,85.09,1.58,414.0,,924.0,697.0,1621.0,0.255,0.43,2.58,2.5,317.0,46.6,93.2,177.2,52.0,24.18,15.0,20.8,31.2,0.396,6.096,0.171,1.317,3.0,0.0,201.0,0.49,,1.0,80.0,,,,100.0,200.0,41.0
463,56.75,27.39,7.83,1.34,0.67,0.0,0.68,0.55,2.12,1.58,0.0,0.0,0.02,0.0,91.97,2.072,421.0,,939.0,708.0,1647.0,0.256,0.43,2.58,2.5,217.0,31.9,63.8,121.3,104.0,48.36,15.0,41.6,62.4,0.342,2.087,0.191,0.795,20.0,0.0,182.9,0.43,,1.0,80.0,,,,100.0,200.0,17.0
464,56.75,27.39,7.83,1.34,0.67,0.0,0.68,0.55,2.12,1.58,0.0,0.0,0.02,0.0,91.97,2.072,420.0,,936.0,706.0,1642.0,0.256,0.43,2.58,2.5,241.0,35.43,70.85,134.72,92.0,42.78,15.0,36.8,55.2,0.355,2.62,0.186,0.906,15.0,0.0,186.5,0.44,,1.0,80.0,,,,100.0,200.0,24.0
465,56.75,27.39,7.83,1.34,0.67,0.0,0.68,0.55,2.12,1.58,0.0,0.0,0.02,0.0,91.97,2.072,418.0,,931.0,702.0,1633.0,0.256,0.43,2.58,2.5,266.0,39.1,78.2,148.69,78.0,36.27,15.0,31.2,46.8,0.367,3.41,0.18,1.038,12.0,0.0,191.9,0.46,,1.0,80.0,,,,100.0,200.0,21.0
466,56.75,27.39,7.83,1.34,0.67,0.0,0.68,0.55,2.12,1.58,0.0,0.0,0.02,0.0,91.97,2.072,416.0,,927.0,699.0,1626.0,0.256,0.43,2.58,2.5,292.0,42.92,85.85,163.23,65.0,30.23,15.0,26.0,39.0,0.382,4.492,0.176,1.174,8.0,0.0,197.2,0.47,,1.0,80.0,,,,100.0,200.0,19.0
467,56.75,27.39,7.83,1.34,0.67,0.0,0.68,0.55,2.12,1.58,0.0,0.0,0.02,0.0,91.97,2.072,414.0,,924.0,697.0,1621.0,0.255,0.43,2.58,2.5,317.0,46.6,93.2,177.2,52.0,24.18,15.0,20.8,31.2,0.396,6.096,0.171,1.317,3.0,0.0,201.0,0.49,,1.0,80.0,,,,100.0,200.0,15.0
468,65.24,25.2,1.12,0.83,0.0,0.0,4.21,0.25,1.74,1.16,0.0,0.0,0.0,0.0,91.56,2.589,427.0,,951.0,718.0,1669.0,0.256,0.43,2.58,2.5,136.0,19.99,39.98,76.02,147.0,68.36,15.0,58.8,88.2,0.301,0.925,0.207,0.453,33.0,0.0,167.8,0.39,,1.0,80.0,,,,100.0,200.0,16.0
469,65.24,25.2,1.12,0.83,0.0,0.0,4.21,0.25,1.74,1.16,0.0,0.0,0.0,0.0,91.56,2.589,425.0,,946.0,714.0,1660.0,0.256,0.43,2.58,2.5,163.0,23.96,47.92,91.12,132.0,61.38,15.0,52.8,79.2,0.314,1.235,0.201,0.562,30.0,0.0,173.9,0.41,,1.0,80.0,,,,100.0,200.0,23.0
470,65.24,25.2,1.12,0.83,0.0,0.0,4.21,0.25,1.74,1.16,0.0,0.0,0.0,0.0,91.56,2.589,421.0,,939.0,708.0,1647.0,0.256,0.43,2.58,2.5,217.0,31.9,63.8,121.3,104.0,48.36,15.0,41.6,62.4,0.342,2.087,0.191,0.795,20.0,0.0,182.9,0.43,,1.0,80.0,,,,100.0,200.0,22.0
471,69.21,24.6,1.03,0.38,0.0,0.0,0.6,0.15,2.54,1.28,0.0,0.0,0.0,0.0,94.84,2.813,414.0,,924.0,697.0,1621.0,0.255,0.43,2.58,2.5,317.0,46.6,93.2,177.2,52.0,24.18,15.0,20.8,31.2,0.396,6.096,0.171,1.317,3.0,0.0,201.0,0.49,,1.0,80.0,,,,100.0,200.0,30.0
472,69.21,24.6,1.03,0.38,0.0,0.0,0.6,0.15,2.54,1.28,0.0,0.0,0.0,0.0,94.84,2.813,412.0,,918.0,693.0,1611.0,0.256,0.43,2.58,2.5,342.0,50.27,100.55,191.18,39.0,18.14,15.0,15.6,23.4,0.41,8.769,0.166,1.47,0.0,0.0,206.8,0.5,,1.0,80.0,,,,100.0,200.0,32.0
473,69.21,24.6,1.03,0.38,0.0,0.0,0.6,0.15,2.54,1.28,0.0,0.0,0.0,0.0,94.84,2.813,409.0,,911.0,687.0,1598.0,0.256,0.43,2.58,2.5,365.0,53.66,107.31,204.04,26.0,12.09,15.0,10.4,15.6,0.423,14.038,0.161,1.632,0.0,0.0,214.4,0.52,,1.0,80.0,,,,100.0,200.0,25.0
474,53.72,27.2,11.17,1.9,0.0,0.36,0.54,0.3,0.71,1.62,0.0,0.0,0.0,0.68,92.09,1.975,400.0,,1209.0,651.0,1860.0,0.215,0.35,,,114.3,13.03,34.4,66.87,45.7,19.83,14.0,20.11,25.59,0.168,2.501,0.082,1.047,0.0,0.0,87.0,0.22,,,25.0,,24.0,,100.0,200.0,25.0
475,50.7,28.8,8.8,2.38,1.39,0.84,2.4,0.0,0.0,0.0,0.0,0.0,0.0,3.79,88.3,1.76,388.0,,1293.0,554.0,1847.0,0.21,0.3,2.5,2.6,112.9,12.87,32.18,67.85,45.2,19.62,14.0,19.89,25.31,0.167,2.498,0.084,0.991,0.0,4.0,90.1,0.23,,3.0,100.0,2.0,24.0,100.0,,,28.0
476,61.3,29.4,3.27,1.21,0.75,0.73,1.2,0.003,0.01,0.0,0.0,0.0,0.0,0.45,93.97,2.085,350.0,2.5,1167.0,777.0,1944.0,0.18,0.4,2.65,2.63,88.39,12.11,25.99,50.29,88.39,27.4,10.0,53.03,35.36,0.187,1.0,0.113,0.658,0.0,0.0,103.3,0.3,180.0,1.0,60.0,,24.0,100.0,,,17.0
477,61.3,29.4,3.27,1.21,0.75,0.73,1.2,0.003,0.01,0.0,0.0,0.0,0.0,0.45,93.97,2.085,350.0,2.5,1167.0,777.0,1944.0,0.18,0.4,2.65,2.63,118.09,8.11,17.41,33.7,118.09,36.61,10.0,70.85,47.24,0.178,1.0,0.128,0.389,0.0,0.0,104.6,0.3,175.0,1.0,60.0,,24.0,100.0,,,24.0
478,61.3,29.4,3.27,1.21,0.75,0.73,1.2,0.003,0.01,0.0,0.0,0.0,0.0,0.45,93.97,2.085,350.0,2.5,1167.0,777.0,1944.0,0.18,0.4,2.65,2.63,133.18,6.08,13.05,25.26,133.18,41.29,10.0,79.91,53.27,0.173,1.0,0.135,0.276,0.0,0.0,105.2,0.3,160.0,1.0,60.0,,24.0,100.0,,,25.0
479,61.3,29.4,3.27,1.21,0.75,0.73,1.2,0.003,0.01,0.0,0.0,0.0,0.0,0.45,93.97,2.085,350.0,2.5,1167.0,777.0,1944.0,0.18,0.4,2.65,2.63,88.39,12.11,25.99,50.29,88.39,38.36,14.0,38.89,49.5,0.218,1.0,0.144,0.515,0.0,0.0,89.2,0.25,160.0,1.0,60.0,,24.0,100.0,,,22.0
480,61.3,29.4,3.27,1.21,0.75,0.73,1.2,0.003,0.01,0.0,0.0,0.0,0.0,0.45,93.97,2.085,350.0,2.5,1167.0,777.0,1944.0,0.18,0.4,2.65,2.63,118.09,8.11,17.41,33.7,118.09,51.25,14.0,51.96,66.13,0.219,1.0,0.17,0.293,0.0,0.0,85.7,0.24,155.0,1.0,60.0,,24.0,100.0,,,27.0
481,61.3,29.4,3.27,1.21,0.75,0.73,1.2,0.003,0.01,0.0,0.0,0.0,0.0,0.45,93.97,2.085,350.0,2.5,1167.0,777.0,1944.0,0.18,0.4,2.65,2.63,133.18,6.08,13.05,25.26,133.18,57.8,14.0,58.6,74.58,0.22,1.0,0.183,0.204,0.0,0.0,83.9,0.24,140.0,1.0,60.0,,24.0,100.0,,,28.0
482,61.3,29.4,3.27,1.21,0.75,0.73,1.2,0.003,0.01,0.0,0.0,0.0,0.0,0.45,93.97,2.085,350.0,2.5,1167.0,777.0,1944.0,0.18,0.4,2.65,2.63,88.39,12.11,25.99,50.29,88.39,43.84,16.0,31.82,56.57,0.234,1.0,0.16,0.465,0.0,0.0,82.1,0.23,155.0,1.0,60.0,,24.0,100.0,,,23.0
483,61.3,29.4,3.27,1.21,0.75,0.73,1.2,0.003,0.01,0.0,0.0,0.0,0.0,0.45,93.97,2.085,350.0,2.5,1167.0,777.0,1944.0,0.18,0.4,2.65,2.63,118.09,8.11,17.41,33.7,118.09,58.57,16.0,42.51,75.58,0.24,1.0,0.191,0.261,0.0,0.0,76.2,0.22,150.0,1.0,60.0,,24.0,100.0,,,28.0
484,61.3,29.4,3.27,1.21,0.75,0.73,1.2,0.003,0.01,0.0,0.0,0.0,0.0,0.45,93.97,2.085,350.0,2.5,1167.0,777.0,1944.0,0.18,0.4,2.65,2.63,133.18,6.08,13.05,25.26,133.18,66.06,16.0,47.94,85.24,0.243,1.0,0.206,0.181,0.0,0.0,73.2,0.21,140.0,1.0,60.0,,24.0,100.0,,,28.0
485,61.3,29.4,3.27,1.21,0.75,0.73,1.2,0.003,0.01,0.0,0.0,0.0,0.0,0.45,93.97,2.085,450.0,2.5,1051.0,700.0,1751.0,0.257,0.4,2.65,2.63,112.58,12.11,25.99,50.29,88.39,27.4,10.0,53.03,35.36,0.146,1.274,0.088,0.658,0.0,0.0,103.3,0.23,170.0,1.0,60.0,,24.0,100.0,,,24.0
486,61.3,29.4,3.27,1.21,0.75,0.73,1.2,0.003,0.01,0.0,0.0,0.0,0.0,0.45,93.97,2.085,450.0,2.5,1051.0,700.0,1751.0,0.257,0.4,2.65,2.63,150.52,8.11,17.41,33.7,118.09,36.61,10.0,70.85,47.24,0.138,1.275,0.099,0.389,0.0,0.0,104.6,0.23,170.0,1.0,60.0,,24.0,100.0,,,29.0
487,61.3,29.4,3.27,1.21,0.75,0.73,1.2,0.003,0.01,0.0,0.0,0.0,0.0,0.45,93.97,2.085,450.0,2.5,1051.0,700.0,1751.0,0.257,0.4,2.65,2.63,169.83,6.08,13.05,25.26,133.18,41.29,10.0,79.91,53.27,0.134,1.275,0.105,0.276,0.0,0.0,105.2,0.23,160.0,1.0,60.0,,24.0,100.0,,,30.0
488,61.3,29.4,3.27,1.21,0.75,0.73,1.2,0.003,0.01,0.0,0.0,0.0,0.0,0.45,93.97,2.085,450.0,2.5,1051.0,700.0,1751.0,0.257,0.4,2.65,2.63,112.58,12.11,25.99,50.29,88.39,38.36,14.0,38.89,49.5,0.17,1.274,0.112,0.515,0.0,0.0,89.2,0.2,155.0,1.0,60.0,,24.0,100.0,,,26.0
489,61.3,29.4,3.27,1.21,0.75,0.73,1.2,0.003,0.01,0.0,0.0,0.0,0.0,0.45,93.97,2.085,450.0,2.5,1051.0,700.0,1751.0,0.257,0.4,2.65,2.63,150.52,8.11,17.41,33.7,118.09,51.25,14.0,51.96,66.13,0.171,1.275,0.132,0.293,0.0,0.0,85.7,0.19,165.0,1.0,60.0,,24.0,100.0,,,32.0
490,61.3,29.4,3.27,1.21,0.75,0.73,1.2,0.003,0.01,0.0,0.0,0.0,0.0,0.45,93.97,2.085,450.0,2.5,1051.0,700.0,1751.0,0.257,0.4,2.65,2.63,169.83,6.08,13.05,25.26,133.18,57.8,14.0,58.6,74.58,0.171,1.275,0.142,0.204,0.0,0.0,83.9,0.19,150.0,1.0,60.0,,24.0,100.0,,,32.0
491,61.3,29.4,3.27,1.21,0.75,0.73,1.2,0.003,0.01,0.0,0.0,0.0,0.0,0.45,93.97,2.085,450.0,2.5,1051.0,700.0,1751.0,0.257,0.4,2.65,2.63,112.58,12.11,25.99,50.29,88.39,43.84,16.0,31.82,56.57,0.182,1.274,0.124,0.465,0.0,0.0,82.1,0.18,165.0,1.0,60.0,,24.0,100.0,,,28.0
492,61.3,29.4,3.27,1.21,0.75,0.73,1.2,0.003,0.01,0.0,0.0,0.0,0.0,0.45,93.97,2.085,450.0,2.5,1051.0,700.0,1751.0,0.257,0.4,2.65,2.63,150.52,8.11,17.41,33.7,118.09,58.57,16.0,42.51,75.58,0.187,1.275,0.148,0.261,0.0,0.0,76.2,0.17,150.0,1.0,60.0,,24.0,100.0,,,32.0
493,61.3,29.4,3.27,1.21,0.75,0.73,1.2,0.003,0.01,0.0,0.0,0.0,0.0,0.45,93.97,2.085,450.0,2.5,1051.0,700.0,1751.0,0.257,0.4,2.65,2.63,169.83,6.08,13.05,25.26,133.18,66.06,16.0,47.94,85.24,0.189,1.275,0.16,0.181,0.0,0.0,73.2,0.16,145.0,1.0,60.0,,24.0,100.0,,,33.0
494,61.3,29.4,3.27,1.21,0.75,0.73,1.2,0.003,0.01,0.0,0.0,0.0,0.0,0.45,93.97,2.085,350.0,2.5,1167.0,777.0,1944.0,0.18,0.4,2.65,2.63,118.09,8.11,17.41,33.7,118.09,36.61,10.0,70.85,47.24,0.178,1.0,0.128,0.389,0.0,0.0,104.6,0.3,175.0,0.0,60.0,,24.0,100.0,,,13.0
495,61.3,29.4,3.27,1.21,0.75,0.73,1.2,0.003,0.01,0.0,0.0,0.0,0.0,0.45,93.97,2.085,350.0,2.5,1167.0,777.0,1944.0,0.18,0.4,2.65,2.63,118.09,8.11,17.41,33.7,118.09,51.25,14.0,51.96,66.13,0.219,1.0,0.17,0.293,0.0,0.0,85.7,0.24,155.0,0.0,60.0,,24.0,100.0,,,18.0
496,61.3,29.4,3.27,1.21,0.75,0.73,1.2,0.003,0.01,0.0,0.0,0.0,0.0,0.45,93.97,2.085,350.0,2.5,1167.0,777.0,1944.0,0.18,0.4,2.65,2.63,118.09,8.11,17.41,33.7,118.09,58.57,16.0,42.51,75.58,0.24,1.0,0.191,0.261,0.0,0.0,76.2,0.22,150.0,0.0,60.0,,24.0,100.0,,,19.0
497,61.3,29.4,3.27,1.21,0.75,0.73,1.2,0.003,0.01,0.0,0.0,0.0,0.0,0.45,93.97,2.085,450.0,2.5,1051.0,700.0,1751.0,0.257,0.4,2.65,2.63,150.52,8.11,17.41,33.7,118.09,36.61,10.0,70.85,47.24,0.138,1.275,0.099,0.389,0.0,0.0,104.6,0.23,170.0,0.0,60.0,,24.0,100.0,,,19.0
498,61.3,29.4,3.27,1.21,0.75,0.73,1.2,0.003,0.01,0.0,0.0,0.0,0.0,0.45,93.97,2.085,450.0,2.5,1051.0,700.0,1751.0,0.257,0.4,2.65,2.63,150.52,8.11,17.41,33.7,118.09,51.25,14.0,51.96,66.13,0.171,1.275,0.132,0.293,0.0,0.0,85.7,0.19,165.0,0.0,60.0,,24.0,100.0,,,22.0
499,61.3,29.4,3.27,1.21,0.75,0.73,1.2,0.003,0.01,0.0,0.0,0.0,0.0,0.45,93.97,2.085,450.0,2.5,1051.0,700.0,1751.0,0.257,0.4,2.65,2.63,150.52,8.11,17.41,33.7,118.09,58.57,16.0,42.51,75.58,0.187,1.275,0.148,0.261,0.0,0.0,76.2,0.17,150.0,0.0,60.0,,24.0,100.0,,,22.0
500,45.23,19.95,13.15,15.51,3.2,0.0,0.0,0.0,0.0,0.0,0.0,0.0,0.0,0.0,78.33,2.267,414.0,2.3,1091.0,588.0,1679.0,0.247,0.35,2.65,2.58,104.0,15.93,34.18,53.88,104.0,32.24,10.0,62.4,41.6,0.199,1.0,0.116,0.71,0.0,0.0,116.3,0.28,,,25.0,,24.0,,100.0,200.0,39.0
501,45.23,19.95,13.15,15.51,3.2,0.0,0.0,0.0,0.0,0.0,0.0,0.0,0.0,0.0,78.33,2.267,414.0,2.3,1091.0,588.0,1679.0,0.247,0.35,2.65,2.58,104.0,15.93,34.18,53.88,104.0,48.36,15.0,41.6,62.4,0.238,1.0,0.155,0.532,0.0,0.0,95.5,0.23,,,25.0,,24.0,,100.0,200.0,44.0
502,45.23,19.95,13.15,15.51,3.2,0.0,0.0,0.0,0.0,0.0,0.0,0.0,0.0,0.0,78.33,2.267,414.0,2.3,1091.0,588.0,1679.0,0.247,0.35,2.65,2.58,104.0,15.93,34.18,53.88,104.0,64.48,20.0,20.8,83.2,0.277,1.0,0.194,0.425,0.0,0.0,74.7,0.18,,,25.0,,24.0,,100.0,200.0,37.0
503,45.23,19.95,13.15,15.51,3.2,0.0,0.0,0.0,0.0,0.0,0.0,0.0,0.0,0.0,78.33,2.267,414.0,2.3,1091.0,588.0,1679.0,0.247,0.35,2.65,2.58,138.0,21.14,45.36,71.5,69.0,21.39,10.0,41.4,27.6,0.212,2.0,0.103,1.067,0.0,0.0,112.9,0.27,,,25.0,,24.0,,100.0,200.0,33.0
504,45.23,19.95,13.15,15.51,3.2,0.0,0.0,0.0,0.0,0.0,0.0,0.0,0.0,0.0,78.33,2.267,414.0,2.3,1091.0,588.0,1679.0,0.247,0.35,2.65,2.58,138.0,21.14,45.36,71.5,69.0,32.09,15.0,27.6,41.4,0.238,2.0,0.129,0.852,0.0,0.0,99.1,0.24,,,25.0,,24.0,,100.0,200.0,38.0
505,45.23,19.95,13.15,15.51,3.2,0.0,0.0,0.0,0.0,0.0,0.0,0.0,0.0,0.0,78.33,2.267,414.0,2.3,1091.0,588.0,1679.0,0.247,0.35,2.65,2.58,138.0,21.14,45.36,71.5,69.0,42.78,20.0,13.8,55.2,0.264,2.0,0.154,0.71,0.0,0.0,85.3,0.21,,,25.0,,24.0,,100.0,200.0,45.0
506,45.23,19.95,13.15,15.51,3.2,0.0,0.0,0.0,0.0,0.0,0.0,0.0,0.0,0.0,78.33,2.267,414.0,2.3,1091.0,588.0,1679.0,0.247,0.35,2.65,2.58,104.0,15.93,34.18,53.88,104.0,32.24,10.0,62.4,41.6,0.199,1.0,0.116,0.71,0.0,0.0,116.3,0.28,,1.0,60.0,,24.0,,100.0,200.0,45.0
507,45.23,19.95,13.15,15.51,3.2,0.0,0.0,0.0,0.0,0.0,0.0,0.0,0.0,0.0,78.33,2.267,414.0,2.3,1091.0,588.0,1679.0,0.247,0.35,2.65,2.58,104.0,15.93,34.18,53.88,104.0,48.36,15.0,41.6,62.4,0.238,1.0,0.155,0.532,0.0,0.0,95.5,0.23,,1.0,60.0,,24.0,,100.0,200.0,53.0
508,45.23,19.95,13.15,15.51,3.2,0.0,0.0,0.0,0.0,0.0,0.0,0.0,0.0,0.0,78.33,2.267,414.0,2.3,1091.0,588.0,1679.0,0.247,0.35,2.65,2.58,104.0,15.93,34.18,53.88,104.0,64.48,20.0,20.8,83.2,0.277,1.0,0.194,0.425,0.0,0.0,74.7,0.18,,1.0,60.0,,24.0,,100.0,200.0,42.0
509,45.23,19.95,13.15,15.51,3.2,0.0,0.0,0.0,0.0,0.0,0.0,0.0,0.0,0.0,78.33,2.267,414.0,2.3,1091.0,588.0,1679.0,0.247,0.35,2.65,2.58,138.0,21.14,45.36,71.5,69.0,21.39,10.0,41.4,27.6,0.212,2.0,0.103,1.067,0.0,0.0,112.9,0.27,,1.0,60.0,,24.0,,100.0,200.0,39.0
510,45.23,19.95,13.15,15.51,3.2,0.0,0.0,0.0,0.0,0.0,0.0,0.0,0.0,0.0,78.33,2.267,414.0,2.3,1091.0,588.0,1679.0,0.247,0.35,2.65,2.58,138.0,21.14,45.36,71.5,69.0,32.09,15.0,27.6,41.4,0.238,2.0,0.129,0.852,0.0,0.0,99.1,0.24,,1.0,60.0,,24.0,,100.0,200.0,47.0
511,45.23,19.95,13.15,15.51,3.2,0.0,0.0,0.0,0.0,0.0,0.0,0.0,0.0,0.0,78.33,2.267,414.0,2.3,1091.0,588.0,1679.0,0.247,0.35,2.65,2.58,138.0,21.14,45.36,71.5,69.0,42.78,20.0,13.8,55.2,0.264,2.0,0.154,0.71,0.0,0.0,85.3,0.21,,1.0,60.0,,24.0,,100.0,200.0,48.0
512,52.0,33.9,4.0,1.2,0.81,0.27,0.83,0.28,0.0,0.0,0.0,0.0,0.0,6.23,89.9,1.534,408.0,,1294.0,554.0,1848.0,0.221,0.3,,,103.0,8.24,28.84,65.92,41.0,10.17,8.0,27.88,13.12,0.116,2.512,0.045,1.567,0.0,6.12,97.5,0.24,,,25.0,,24.0,150.0,,,13.0
513,70.3,23.1,1.4,0.18,0.56,0.35,0.91,0.26,2.6,0.22,0.0,0.0,0.0,2.0,94.8,3.043,467.0,,1039.0,693.0,1732.0,0.27,0.4,,,234.0,34.4,68.8,130.81,147.0,68.36,15.0,58.8,88.2,0.367,1.592,0.22,0.67,10.0,0.0,199.6,0.43,180.0,1.0,80.0,,24.0,,100.0,200.0,22.0
514,49.0,31.0,2.8,5.0,2.5,3.8,1.2,0.3,2.1,0.9,0.1,0.1,0.0,0.3,82.8,1.581,400.0,,1280.0,547.0,1827.0,0.219,0.299,,,130.53,11.75,37.85,80.93,69.47,30.15,14.0,30.57,38.91,0.199,1.879,0.105,0.903,0.0,0.0,111.5,0.28,250.0,,25.0,,,,100.0,200.0,19.0
515,49.0,31.0,2.8,5.0,2.5,3.8,1.2,0.3,2.1,0.9,0.1,0.1,0.0,0.3,82.8,1.581,475.0,,1253.0,539.0,1787.0,0.266,0.302,,,77.66,6.99,22.52,48.15,41.34,17.94,14.0,18.19,23.15,0.1,1.879,0.052,0.903,0.0,0.0,66.3,0.14,60.0,,25.0,,,,100.0,200.0,30.0
516,49.0,31.0,2.8,5.0,2.5,3.8,1.2,0.3,2.1,0.9,0.1,0.1,0.0,0.3,82.8,1.581,475.0,,1248.0,535.0,1770.0,0.268,0.302,,,91.37,8.23,26.49,56.65,48.63,21.11,14.0,21.4,27.23,0.118,1.879,0.062,0.903,0.0,0.0,78.0,0.16,140.0,,25.0,,,,100.0,200.0,33.0
517,49.0,31.0,2.8,5.0,2.5,3.8,1.2,0.3,2.1,0.9,0.1,0.1,0.0,0.3,82.8,1.581,475.0,,1235.0,529.0,1794.0,0.265,0.295,,,108.34,9.76,31.41,67.17,57.66,25.03,14.0,25.37,32.29,0.139,1.879,0.073,0.903,0.0,0.0,92.5,0.19,235.0,,25.0,,,,100.0,200.0,26.0
518,65.6,28.0,3.0,1.0,1.0,0.0,0.0,0.2,0.5,0.0,0.0,0.0,0.0,0.29,96.6,2.343,409.0,2.24,1290.0,549.0,1839.0,0.222,0.299,2.58,2.62,102.0,13.97,29.99,58.04,41.0,12.71,10.0,24.6,16.4,0.139,2.488,0.065,1.124,55.0,0.0,137.6,0.34,,,25.0,,24.0,100.0,,,19.0
519,62.3,28.1,2.1,0.5,1.0,0.5,1.0,0.4,0.0,0.0,0.0,0.0,0.0,2.5,92.5,2.217,350.0,2.2,920.0,920.0,1840.0,0.19,0.5,2.5,2.67,86.43,9.85,26.02,50.56,34.57,17.15,16.0,12.45,22.13,0.151,2.5,0.077,0.964,35.0,10.5,104.3,0.3,80.2174,2.0,50.0,1.0,24.0,100.0,,,17.0
520,62.3,28.1,2.1,0.5,1.0,0.5,1.0,0.4,0.0,0.0,0.0,0.0,0.0,2.5,92.5,2.217,400.0,2.2,875.0,875.0,1750.0,0.229,0.5,2.5,2.67,100.0,11.4,30.1,58.5,40.0,19.84,16.0,14.4,25.6,0.153,2.5,0.078,0.964,35.0,10.5,114.2,0.29,90.0,2.0,50.0,1.0,24.0,100.0,,,21.0
521,62.3,28.1,2.1,0.5,1.0,0.5,1.0,0.4,0.0,0.0,0.0,0.0,0.0,2.5,92.5,2.217,450.0,2.2,830.0,830.0,1660.0,0.271,0.5,2.5,2.67,112.5,12.83,33.86,65.81,45.0,22.32,16.0,16.2,28.8,0.153,2.5,0.078,0.963,35.0,10.5,123.3,0.27,99.7826,2.0,50.0,1.0,24.0,100.0,,,29.0
522,62.3,28.1,2.1,0.5,1.0,0.5,1.0,0.4,0.0,0.0,0.0,0.0,0.0,2.5,92.5,2.217,400.0,2.2,875.0,875.0,1750.0,0.229,0.5,2.5,2.67,100.0,11.4,30.1,58.5,40.0,19.84,16.0,14.4,25.6,0.153,2.5,0.078,0.964,35.0,10.5,114.2,0.29,171.25,2.0,50.0,1.0,24.0,100.0,,,27.0
523,62.3,28.1,2.1,0.5,1.0,0.5,1.0,0.4,0.0,0.0,0.0,0.0,0.0,2.5,92.5,2.217,450.0,2.2,830.0,830.0,1660.0,0.271,0.5,2.5,2.67,112.5,12.83,33.86,65.81,45.0,22.32,16.0,16.2,28.8,0.153,2.5,0.078,0.963,35.0,10.5,123.3,0.27,190.0,2.0,50.0,1.0,24.0,100.0,,,33.0
524,62.3,28.1,2.1,0.5,1.0,0.5,1.0,0.4,0.0,0.0,0.0,0.0,0.0,2.5,92.5,2.217,400.0,2.2,875.0,875.0,1750.0,0.229,0.5,2.5,2.67,100.0,11.4,30.1,58.5,40.0,19.84,16.0,14.4,25.6,0.153,2.5,0.078,0.964,35.0,10.5,114.2,0.29,90.0,2.0,50.0,1.0,24.0,100.0,,,21.0
525,62.3,28.1,2.1,0.5,1.0,0.5,1.0,0.4,0.0,0.0,0.0,0.0,0.0,2.5,92.5,2.217,450.0,2.2,830.0,830.0,1660.0,0.271,0.5,2.5,2.67,100.0,11.4,30.1,58.5,40.0,19.84,16.0,14.4,25.6,0.136,2.5,0.069,0.964,35.0,10.5,114.2,0.25,100.0,2.0,50.0,1.0,24.0,100.0,,,29.0
526,62.3,28.1,2.1,0.5,1.0,0.5,1.0,0.4,0.0,0.0,0.0,0.0,0.0,2.5,92.5,2.217,400.0,2.2,875.0,875.0,1750.0,0.229,0.5,2.5,2.67,100.0,11.4,30.1,58.5,40.0,19.84,16.0,14.4,25.6,0.153,2.5,0.078,0.964,35.0,10.5,114.2,0.29,171.25,2.0,28.0,1.0,24.0,100.0,,,10.0
527,62.3,28.1,2.1,0.5,1.0,0.5,1.0,0.4,0.0,0.0,0.0,0.0,0.0,2.5,92.5,2.217,400.0,2.2,875.0,875.0,1750.0,0.229,0.5,2.5,2.67,100.0,11.4,30.1,58.5,40.0,19.84,16.0,14.4,25.6,0.153,2.5,0.078,0.964,35.0,10.5,114.2,0.29,171.25,2.0,70.0,1.0,24.0,100.0,,,29.0
528,62.3,28.1,2.1,0.5,1.0,0.5,1.0,0.4,0.0,0.0,0.0,0.0,0.0,2.5,92.5,2.217,400.0,2.2,875.0,875.0,1750.0,0.229,0.5,2.5,2.67,100.0,11.4,30.1,58.5,40.0,19.84,16.0,14.4,25.6,0.153,2.5,0.078,0.964,35.0,10.5,114.2,0.29,171.25,2.0,90.0,1.0,24.0,100.0,,,25.0
529,62.3,28.1,2.1,0.5,1.0,0.5,1.0,0.4,0.0,0.0,0.0,0.0,0.0,2.5,92.5,2.217,400.0,2.2,875.0,875.0,1750.0,0.229,0.5,2.5,2.67,100.0,11.4,30.1,58.5,40.0,19.84,16.0,14.4,25.6,0.153,2.5,0.078,0.964,35.0,10.5,114.2,0.29,171.25,1.0,50.0,1.0,24.0,100.0,,,19.0
530,62.3,28.1,2.1,0.5,1.0,0.5,1.0,0.4,0.0,0.0,0.0,0.0,0.0,2.5,92.5,2.217,400.0,2.2,875.0,875.0,1750.0,0.229,0.5,2.5,2.67,100.0,11.4,30.1,58.5,40.0,19.84,16.0,14.4,25.6,0.153,2.5,0.078,0.964,35.0,10.5,114.2,0.29,171.25,3.0,50.0,1.0,24.0,100.0,,,24.0
531,62.3,28.1,2.1,0.5,1.0,0.5,1.0,0.4,0.0,0.0,0.0,0.0,0.0,2.5,92.5,2.217,400.0,2.2,875.0,875.0,1750.0,0.229,0.5,2.5,2.67,100.0,11.4,30.1,58.5,40.0,19.84,16.0,14.4,25.6,0.153,2.5,0.078,0.964,35.0,10.5,114.2,0.29,90.1478,2.0,50.0,1.0,24.0,100.0,,,21.0
532,62.3,28.1,2.1,0.5,1.0,0.5,1.0,0.4,0.0,0.0,0.0,0.0,0.0,2.5,92.5,2.217,400.0,2.2,880.0,880.0,1760.0,0.227,0.5,2.5,2.67,100.0,11.4,30.1,58.5,40.0,19.84,16.0,14.4,25.6,0.153,2.5,0.078,0.964,30.0,10.5,109.2,0.27,80.2956,2.0,50.0,1.0,24.0,100.0,,,25.0
533,62.3,28.1,2.1,0.5,1.0,0.5,1.0,0.4,0.0,0.0,0.0,0.0,0.0,2.5,92.5,2.217,400.0,2.2,895.0,895.0,1790.0,0.223,0.5,2.5,2.67,100.0,11.4,30.1,58.5,40.0,19.84,16.0,14.4,25.6,0.153,2.5,0.078,0.964,20.0,10.5,99.2,0.25,50.2463,2.0,50.0,1.0,24.0,100.0,,,26.0
534,62.3,28.1,2.1,0.5,1.0,0.5,1.0,0.4,0.0,0.0,0.0,0.0,0.0,2.5,92.5,2.217,400.0,2.2,910.0,910.0,1820.0,0.22,0.5,2.5,2.67,100.0,11.4,30.1,58.5,40.0,19.84,16.0,14.4,25.6,0.153,2.5,0.078,0.964,10.0,10.5,89.2,0.22,30.0493,2.0,50.0,1.0,24.0,100.0,,,28.0
535,62.3,28.1,2.1,0.5,1.0,0.5,1.0,0.4,0.0,0.0,0.0,0.0,0.0,2.5,92.5,2.217,400.0,2.2,880.0,880.0,1760.0,0.227,0.5,2.5,2.67,100.0,11.4,30.1,58.5,40.0,19.84,16.0,14.4,25.6,0.153,2.5,0.078,0.964,35.0,7.5,112.4,0.28,80.0,2.0,50.0,1.0,24.0,100.0,,,23.0
536,62.3,28.1,2.1,0.5,1.0,0.5,1.0,0.4,0.0,0.0,0.0,0.0,0.0,2.5,92.5,2.217,400.0,2.2,885.0,885.0,1770.0,0.226,0.5,2.5,2.67,100.0,11.4,30.1,58.5,40.0,19.84,16.0,14.4,25.6,0.153,2.5,0.078,0.964,35.0,5.0,110.9,0.28,62.8571,2.0,50.0,1.0,24.0,100.0,,,24.0
537,62.3,28.1,2.1,0.5,1.0,0.5,1.0,0.4,0.0,0.0,0.0,0.0,0.0,2.5,92.5,2.217,400.0,2.2,887.0,887.0,1774.0,0.225,0.5,2.5,2.67,100.0,11.4,30.1,58.5,40.0,19.84,16.0,14.4,25.6,0.153,2.5,0.078,0.964,35.0,2.5,109.4,0.27,41.9048,2.0,50.0,1.0,24.0,100.0,,,25.0
538,62.3,28.1,2.1,0.5,1.0,0.5,1.0,0.4,0.0,0.0,0.0,0.0,0.0,2.5,92.5,2.217,400.0,2.2,875.0,875.0,1750.0,0.229,0.5,2.5,2.67,100.0,11.4,30.1,58.5,40.0,22.32,18.0,11.2,28.8,0.16,2.5,0.084,0.893,35.0,10.5,111.0,0.28,80.0,2.0,50.0,1.0,24.0,100.0,,,15.0
539,62.3,28.1,2.1,0.5,1.0,0.5,1.0,0.4,0.0,0.0,0.0,0.0,0.0,2.5,92.5,2.217,400.0,2.2,875.0,875.0,1750.0,0.229,0.5,2.5,2.67,100.0,11.4,30.1,58.5,40.0,14.88,12.0,20.8,19.2,0.141,2.5,0.066,1.145,35.0,10.5,120.6,0.3,100.0,2.0,50.0,1.0,24.0,100.0,,,14.0
540,62.3,28.1,2.1,0.5,1.0,0.5,1.0,0.4,0.0,0.0,0.0,0.0,0.0,2.5,92.5,2.217,400.0,2.2,840.0,840.0,1680.0,0.238,0.5,2.5,2.67,128.5,14.65,38.68,75.17,51.5,25.54,16.0,18.54,32.96,0.197,2.495,0.1,0.962,35.0,10.5,135.0,0.34,150.244,2.0,50.0,1.0,24.0,100.0,,,23.0
541,62.3,28.1,2.1,0.5,1.0,0.5,1.0,0.4,0.0,0.0,0.0,0.0,0.0,2.5,92.5,2.217,400.0,2.2,860.0,860.0,1720.0,0.233,0.5,2.5,2.67,114.0,13.0,34.31,66.69,46.0,22.82,16.0,16.56,29.44,0.175,2.478,0.09,0.958,35.0,10.5,124.6,0.31,120.325,2.0,50.0,1.0,24.0,100.0,,,24.0
542,62.3,28.1,2.1,0.5,1.0,0.5,1.0,0.4,0.0,0.0,0.0,0.0,0.0,2.5,92.5,2.217,400.0,2.2,895.0,895.0,1790.0,0.223,0.5,2.5,2.67,85.5,9.75,25.74,50.02,34.5,17.11,16.0,12.42,22.08,0.132,2.478,0.067,0.958,35.0,10.5,103.7,0.26,70.2439,2.0,50.0,1.0,24.0,100.0,,,14.0
543,62.3,28.1,2.1,0.5,1.0,0.5,1.0,0.4,0.0,0.0,0.0,0.0,0.0,2.5,92.5,2.217,400.0,2.2,875.0,875.0,1750.0,0.229,0.5,2.5,2.67,107.5,12.26,32.36,62.89,32.5,16.12,16.0,11.7,20.8,0.152,3.308,0.071,1.14,35.0,10.5,115.9,0.29,69.8592,2.0,50.0,1.0,24.0,100.0,,,27.0
544,62.3,28.1,2.1,0.5,1.0,0.5,1.0,0.4,0.0,0.0,0.0,0.0,0.0,2.5,92.5,2.217,400.0,2.2,875.0,875.0,1750.0,0.229,0.5,2.5,2.67,93.0,10.6,27.99,54.41,47.0,23.31,16.0,16.92,30.08,0.155,1.979,0.085,0.825,35.0,47.0,134.5,0.34,109.859,2.0,50.0,1.0,24.0,100.0,,,19.0
545,32.62,31.23,8.48,17.12,3.49,0.91,0.1,0.0,1.65,0.0,0.0,0.0,0.0,0.93,72.33,1.045,444.0,2.53,1260.0,540.0,1800.0,0.247,0.3,2.69,2.6,111.0,16.32,32.63,62.05,45.0,11.16,8.0,30.6,14.4,0.135,2.467,0.062,1.187,36.0,5.8,132.1,0.3,35.0,,25.0,,24.0,100.0,,,12.0
546,32.62,31.23,8.48,17.12,3.49,0.91,0.1,0.0,1.65,0.0,0.0,0.0,0.0,0.93,72.33,1.045,414.0,2.53,1260.0,540.0,1800.0,0.23,0.3,2.69,2.6,133.0,19.55,39.1,74.35,53.0,13.14,8.0,36.04,16.96,0.173,2.509,0.079,1.196,14.0,5.8,127.9,0.31,60.0,,25.0,,24.0,100.0,,,20.0
547,32.62,31.23,8.48,17.12,3.49,0.91,0.1,0.0,1.65,0.0,0.0,0.0,0.0,0.93,72.33,1.045,444.0,2.53,1260.0,540.0,1800.0,0.247,0.3,2.69,2.6,111.0,16.32,32.63,62.05,45.0,16.74,12.0,23.4,21.6,0.148,2.467,0.074,0.987,36.0,5.8,124.9,0.28,80.0,,25.0,,24.0,100.0,,,24.0
548,32.62,31.23,8.48,17.12,3.49,0.91,0.1,0.0,1.65,0.0,0.0,0.0,0.0,0.93,72.33,1.045,414.0,2.53,1260.0,540.0,1800.0,0.23,0.3,2.69,2.6,133.0,19.55,39.1,74.35,53.0,19.72,12.0,27.56,25.44,0.189,2.509,0.095,0.996,14.0,5.8,119.4,0.29,90.0,,25.0,,24.0,100.0,,,19.0
549,32.62,31.23,8.48,17.12,3.49,0.91,0.1,0.0,1.65,0.0,0.0,0.0,0.0,0.93,72.33,1.045,414.0,2.53,1260.0,540.0,1800.0,0.23,0.3,2.69,2.6,133.0,19.55,39.1,74.35,53.0,13.14,8.0,36.04,16.96,0.173,2.509,0.079,1.196,14.0,5.8,127.9,0.31,110.0,1.0,60.0,,24.0,100.0,,,11.0
577,50.7,28.8,8.8,2.38,1.39,0.84,2.4,0.3,0.0,0.0,0.0,0.0,0.0,3.79,88.3,1.76,400.0,,1293.0,554.0,1847.0,0.217,0.3,2.5,2.6,112.9,12.87,32.18,67.85,45.2,19.62,14.0,19.89,25.31,0.162,2.498,0.081,0.991,0.0,4.0,90.1,0.23,30.0,3.0,100.0,2.0,24.0,100.0,,,35.0
578,61.89,28.05,4.11,0.87,0.38,0.4,0.82,1.32,0.0,0.0,0.0,0.0,0.0,0.49,94.05,2.206,500.0,2.2,1321.0,320.0,1641.0,0.305,0.195,2.745,2.62,120.0,10.8,33.6,75.6,80.0,39.68,16.0,28.8,51.2,0.168,1.5,0.101,0.666,0.0,6.0,108.0,0.22,35.0,1.0,60.0,,24.0,100.0,,,42.0
579,61.89,28.05,4.11,0.87,0.38,0.4,0.82,1.32,0.0,0.0,0.0,0.0,0.0,0.49,94.05,2.206,400.0,2.2,1419.0,344.0,1763.0,0.227,0.195,2.745,2.62,120.0,10.8,33.6,75.6,80.0,39.68,16.0,28.8,51.2,0.21,1.5,0.126,0.666,0.0,4.0,106.8,0.27,60.0,1.0,60.0,,24.0,100.0,,,35.0
580,61.89,28.05,4.11,0.87,0.38,0.4,0.82,1.32,0.0,0.0,0.0,0.0,0.0,0.49,94.05,2.206,333.0,2.2,1485.0,360.0,1845.0,0.18,0.195,2.745,2.62,120.0,10.8,33.6,75.6,80.0,39.68,16.0,28.8,51.2,0.252,1.5,0.152,0.666,0.0,3.2,106.3,0.32,80.0,1.0,60.0,,24.0,100.0,,,28.0
581,61.89,28.05,4.11,0.87,0.38,0.4,0.82,1.32,0.0,0.0,0.0,0.0,0.0,0.49,94.05,2.206,286.0,2.2,1533.0,371.0,1904.0,0.15,0.195,2.745,2.62,120.0,10.8,33.6,75.6,80.0,39.68,16.0,28.8,51.2,0.294,1.5,0.177,0.666,0.0,0.0,104.4,0.37,110.0,1.0,60.0,,24.0,100.0,,,25.0
582,61.89,28.05,4.11,0.87,0.38,0.4,0.82,1.32,0.0,0.0,0.0,0.0,0.0,0.49,94.05,2.206,250.0,2.2,1567.0,380.0,1947.0,0.128,0.195,2.745,2.62,120.0,10.8,33.6,75.6,80.0,39.68,16.0,28.8,51.2,0.336,1.5,0.202,0.666,0.0,0.0,104.4,0.42,300.0,1.0,60.0,,24.0,100.0,,,18.0
583,57.9,31.11,5.07,1.29,0.97,0.09,1.0,0.05,0.0,0.0,0.0,0.0,0.0,0.04,94.08,1.861,300.0,2.13,1128.44,752.29,1880.73,0.16,0.4,,,117.86,19.18,40.83,57.86,47.14,14.61,10.0,28.28,18.86,0.249,2.5,0.113,1.208,50.76,0.0,136.9,0.46,,1.0,100.0,1.0,40.0,100.0,,,24.0
584,57.9,31.11,5.07,1.29,0.97,0.09,1.0,0.05,0.0,0.0,0.0,0.0,0.0,0.04,94.08,1.861,300.0,2.13,1130.74,753.83,1884.57,0.159,0.4,,,96.43,15.69,33.4,47.34,38.57,11.96,10.0,23.14,15.43,0.203,2.5,0.092,1.208,68.81,0.0,139.3,0.46,,1.0,100.0,1.0,40.0,100.0,,,20.0
585,57.9,31.11,5.07,1.29,0.97,0.09,1.0,0.05,0.0,0.0,0.0,0.0,0.0,0.04,94.08,1.861,350.0,2.13,1048.3,698.87,1747.17,0.2,0.4,,,137.5,22.37,47.63,67.5,55.0,17.05,10.0,33.0,22.0,0.249,2.5,0.113,1.208,59.23,0.0,159.7,0.46,,1.0,100.0,1.0,40.0,100.0,,,27.0
586,57.9,31.11,5.07,1.29,0.97,0.09,1.0,0.05,0.0,0.0,0.0,0.0,0.0,0.04,94.08,1.861,350.0,2.13,1051.0,700.67,1751.67,0.2,0.4,,,112.5,18.3,38.97,55.23,45.0,13.95,10.0,27.0,18.0,0.203,2.5,0.092,1.208,80.28,0.0,162.5,0.46,,1.0,100.0,1.0,40.0,100.0,,,23.0
587,61.85,27.36,5.18,1.47,1.0,0.08,0.63,0.05,1.84,0.54,0.0,0.0,0.0,1.0,94.39,2.261,330.0,2.22,1350.0,727.0,2077.0,0.159,0.35,2.71,2.67,88.0,12.58,28.95,46.46,44.0,10.91,8.0,29.92,14.08,0.159,2.0,0.071,1.232,0.0,0.0,76.4,0.23,,1.0,60.0,1.0,24.0,100.0,,,14.0
588,61.85,27.36,5.18,1.47,1.0,0.08,0.63,0.05,1.84,0.54,0.0,0.0,0.0,1.0,94.39,2.261,330.0,2.22,1350.0,727.0,2077.0,0.159,0.35,2.71,2.67,88.0,12.58,28.95,46.46,44.0,10.91,8.0,29.92,14.08,0.159,2.0,0.071,1.232,0.0,0.0,76.4,0.23,,1.0,60.0,1.0,24.0,100.0,,,14.0
589,61.85,27.36,5.18,1.47,1.0,0.08,0.63,0.05,1.84,0.54,0.0,0.0,0.0,1.0,94.39,2.261,330.0,2.22,1350.0,727.0,2077.0,0.159,0.35,2.71,2.67,88.0,12.58,28.95,46.46,44.0,10.91,8.0,29.92,14.08,0.159,2.0,0.071,1.232,0.0,0.0,76.4,0.23,,1.0,60.0,1.0,24.0,100.0,,,13.0
590,61.85,27.36,5.18,1.47,1.0,0.08,0.63,0.05,1.84,0.54,0.0,0.0,0.0,1.0,94.39,2.261,330.0,2.22,1350.0,727.0,2077.0,0.159,0.35,2.71,2.67,88.0,12.58,28.95,46.46,44.0,13.64,10.0,26.4,17.6,0.167,2.0,0.079,1.104,0.0,0.0,72.9,0.22,,1.0,60.0,1.0,24.0,100.0,,,16.0
591,61.85,27.36,5.18,1.47,1.0,0.08,0.63,0.05,1.84,0.54,0.0,0.0,0.0,1.0,94.39,2.261,330.0,2.22,1350.0,727.0,2077.0,0.159,0.35,2.71,2.67,88.0,12.58,28.95,46.46,44.0,13.64,10.0,26.4,17.6,0.167,2.0,0.079,1.104,0.0,0.0,72.9,0.22,,1.0,60.0,1.0,24.0,100.0,,,16.0
592,61.85,27.36,5.18,1.47,1.0,0.08,0.63,0.05,1.84,0.54,0.0,0.0,0.0,1.0,94.39,2.261,330.0,2.22,1350.0,727.0,2077.0,0.159,0.35,2.71,2.67,88.0,12.58,28.95,46.46,44.0,13.64,10.0,26.4,17.6,0.167,2.0,0.079,1.104,0.0,0.0,72.9,0.22,,1.0,60.0,1.0,24.0,100.0,,,13.0
593,61.85,27.36,5.18,1.47,1.0,0.08,0.63,0.05,1.84,0.54,0.0,0.0,0.0,1.0,94.39,2.261,330.0,2.22,1350.0,727.0,2077.0,0.159,0.35,2.71,2.67,88.0,12.58,28.95,46.46,44.0,16.37,12.0,22.88,21.12,0.175,2.0,0.088,1.0,0.0,0.0,69.3,0.21,,1.0,60.0,1.0,24.0,100.0,,,19.0
594,61.85,27.36,5.18,1.47,1.0,0.08,0.63,0.05,1.84,0.54,0.0,0.0,0.0,1.0,94.39,2.261,330.0,2.22,1350.0,727.0,2077.0,0.159,0.35,2.71,2.67,88.0,12.58,28.95,46.46,44.0,16.37,12.0,22.88,21.12,0.175,2.0,0.088,1.0,0.0,0.0,69.3,0.21,,1.0,60.0,1.0,24.0,100.0,,,19.0
595,61.85,27.36,5.18,1.47,1.0,0.08,0.63,0.05,1.84,0.54,0.0,0.0,0.0,1.0,94.39,2.261,330.0,2.22,1350.0,727.0,2077.0,0.159,0.35,2.71,2.67,88.0,12.58,28.95,46.46,44.0,16.37,12.0,22.88,21.12,0.175,2.0,0.088,1.0,0.0,0.0,69.3,0.21,,1.0,60.0,1.0,24.0,100.0,,,15.0
596,47.87,28.0,14.09,3.81,0.93,0.41,0.62,0.27,1.99,1.81,0.0,0.21,0.0,0.43,89.96,1.71,416.0,2.26,927.0,699.0,1626.0,0.256,0.43,2.6,2.5,292.0,42.92,85.85,163.23,65.0,30.23,15.0,26.0,39.0,0.382,4.492,0.176,1.174,8.0,0.0,197.2,0.47,,1.0,80.0,1.0,24.0,,100.0,200.0,80.0
597,49.37,31.25,4.47,4.8,1.28,1.3,2.21,0.24,2.94,1.65,0.0,0.04,0.0,0.51,85.09,1.58,416.0,2.23,927.0,699.0,1626.0,0.256,0.43,2.6,2.5,292.0,42.92,85.85,163.23,65.0,30.23,15.0,26.0,39.0,0.382,4.492,0.176,1.174,8.0,0.0,197.2,0.47,,1.0,80.0,1.0,24.0,,100.0,200.0,36.0
598,53.82,29.95,9.24,1.03,0.58,0.75,0.79,0.34,2.19,1.28,0.0,0.04,0.0,0.63,93.01,1.797,420.0,2.08,936.0,706.0,1644.0,0.255,0.429,2.6,2.5,241.0,35.43,70.85,134.72,92.0,42.78,15.0,36.8,55.2,0.355,2.62,0.186,0.906,15.0,0.0,186.5,0.44,,1.0,80.0,1.0,24.0,,100.0,200.0,29.0
599,75.66,19.0,1.38,0.3,0.0,0.15,0.63,0.03,1.83,1.0,0.0,0.02,0.0,1.16,96.04,3.982,412.0,2.42,918.0,693.0,1611.0,0.256,0.43,2.6,2.5,342.0,50.27,100.55,191.18,32.0,14.88,15.0,12.8,19.2,0.402,10.688,0.158,1.543,0.0,0.0,204.0,0.5,,1.0,80.0,1.0,24.0,,100.0,200.0,24.0
600,54.42,23.9,8.14,2.56,1.74,0.43,1.77,0.78,1.32,0.0,0.0,0.0,0.0,4.31,86.46,2.277,372.52,,1229.92,618.68,1848.6,0.202,0.335,,,128.2,15.13,36.54,76.54,51.28,19.08,12.0,26.67,24.61,0.19,2.5,0.092,1.068,0.0,0.0,103.2,0.28,,1.0,60.0,2.0,24.0,,150.0,300.0,38.0
601,54.42,23.9,8.14,2.56,1.74,0.43,1.77,0.78,1.32,0.0,0.0,0.0,0.0,4.31,86.46,2.277,375.84,,1229.92,618.68,1848.6,0.203,0.335,,,125.83,14.85,35.86,75.12,50.33,21.84,14.0,22.15,28.18,0.193,2.5,0.098,0.977,0.0,0.0,97.3,0.26,,1.0,60.0,2.0,24.0,,150.0,300.0,48.0
602,54.42,23.9,8.14,2.56,1.74,0.43,1.77,0.78,1.32,0.0,0.0,0.0,0.0,4.31,86.46,2.277,390.35,,1229.92,618.68,1848.6,0.211,0.335,,,115.46,13.62,32.91,68.93,46.18,22.91,16.0,16.62,29.56,0.178,2.5,0.094,0.901,0.0,0.0,85.6,0.22,,1.0,60.0,2.0,24.0,,150.0,300.0,58.0
603,47.6,21.4,7.8,11.9,1.8,0.7,0.82,2.8,1.88,0.0,0.0,0.0,0.0,3.3,76.8,2.224,550.0,2.24,838.0,600.0,1438.0,0.382,0.417,2.7,2.64,144.0,17.28,43.2,83.52,95.0,23.56,8.0,64.6,30.4,0.153,1.516,0.074,1.058,0.0,0.0,148.1,0.27,,1.0,65.0,0.0,24.0,100.0,,,26.0
604,47.6,21.4,7.8,11.9,1.8,0.7,0.82,2.8,1.88,0.0,0.0,0.0,0.0,3.3,76.8,2.224,550.0,2.24,838.0,600.0,1438.0,0.382,0.417,2.7,2.64,144.0,17.28,43.2,83.52,95.0,29.45,10.0,57.0,38.0,0.164,1.516,0.085,0.924,0.0,0.0,140.5,0.26,,1.0,65.0,0.0,24.0,100.0,,,27.0
605,47.6,21.4,7.8,11.9,1.8,0.7,0.82,2.8,1.88,0.0,0.0,0.0,0.0,3.3,76.8,2.224,550.0,2.24,838.0,600.0,1438.0,0.382,0.417,2.7,2.64,144.0,17.28,43.2,83.52,95.0,35.34,12.0,49.4,45.6,0.174,1.516,0.096,0.821,0.0,0.0,132.9,0.24,,1.0,65.0,0.0,24.0,100.0,,,32.0
606,47.6,21.4,7.8,11.9,1.8,0.7,0.82,2.8,1.88,0.0,0.0,0.0,0.0,3.3,76.8,2.224,550.0,2.24,838.0,600.0,1438.0,0.382,0.417,2.7,2.64,144.0,17.28,43.2,83.52,95.0,41.23,14.0,41.8,53.2,0.185,1.516,0.106,0.738,0.0,0.0,125.3,0.23,,1.0,65.0,0.0,24.0,100.0,,,31.0
607,47.6,21.4,7.8,11.9,1.8,0.7,0.82,2.8,1.88,0.0,0.0,0.0,0.0,3.3,76.8,2.224,550.0,2.24,838.0,600.0,1438.0,0.382,0.417,2.7,2.64,144.0,17.28,43.2,83.52,95.0,23.56,8.0,64.6,30.4,0.153,1.516,0.074,1.058,0.0,0.0,148.1,0.27,,,25.0,,24.0,100.0,,,27.0
608,47.6,21.4,7.8,11.9,1.8,0.7,0.82,2.8,1.88,0.0,0.0,0.0,0.0,3.3,76.8,2.224,550.0,2.24,838.0,600.0,1438.0,0.382,0.417,2.7,2.64,144.0,17.28,43.2,83.52,95.0,29.45,10.0,57.0,38.0,0.164,1.516,0.085,0.924,0.0,0.0,140.5,0.26,,,25.0,,24.0,100.0,,,28.0
609,47.6,21.4,7.8,11.9,1.8,0.7,0.82,2.8,1.88,0.0,0.0,0.0,0.0,3.3,76.8,2.224,550.0,2.24,838.0,600.0,1438.0,0.382,0.417,2.7,2.64,144.0,17.28,43.2,83.52,95.0,35.34,12.0,49.4,45.6,0.174,1.516,0.096,0.821,0.0,0.0,132.9,0.24,,,25.0,,24.0,100.0,,,32.0
610,47.6,21.4,7.8,11.9,1.8,0.7,0.82,2.8,1.88,0.0,0.0,0.0,0.0,3.3,76.8,2.224,550.0,2.24,838.0,600.0,1438.0,0.382,0.417,2.7,2.64,144.0,17.28,43.2,83.52,95.0,41.23,14.0,41.8,53.2,0.185,1.516,0.106,0.738,0.0,0.0,125.3,0.23,,,25.0,,24.0,100.0,,,29.0
647,53.59,28.46,8.71,4.23,1.84,0.58,1.63,0.96,0.0,0.0,0.0,0.0,0.0,0.0,90.76,1.883,310.0,2.33,1204.0,649.0,1853.0,0.167,0.35,2.65,2.64,122.0,19.79,42.41,59.95,48.86,15.15,10.0,29.31,19.54,0.25,2.497,0.113,1.214,0.0,6.2,93.0,0.3,80.0,1.0,80.0,0.0,24.0,150.0,,,36.0
650,53.71,27.2,11.7,1.9,0.0,0.36,0.54,0.3,1.62,0.71,0.0,0.0,0.0,0.68,92.61,1.975,400.0,,1218.0,655.9,1873.9,0.213,0.35,,,100.0,11.5,30.0,58.5,40.0,17.36,14.0,17.6,22.4,0.147,2.5,0.072,1.04,0.0,6.0,79.7,0.2,,,25.0,,24.0,,100.0,200.0,32.0
651,53.71,27.2,11.7,1.9,0.0,0.36,0.54,0.3,1.62,0.71,0.0,0.0,0.0,0.68,92.61,1.975,400.0,,1209.0,651.0,1860.0,0.215,0.35,,,114.3,13.14,34.29,66.87,45.7,19.83,14.0,20.11,25.59,0.168,2.501,0.082,1.04,0.0,0.0,87.0,0.22,,,25.0,,24.0,,100.0,200.0,25.0
652,58.0,27.5,5.0,3.6,1.91,2.0,0.0,1.8,0.0,0.0,0.0,0.0,0.0,0.0,90.5,2.109,420.0,2.22,1061.0,710.0,1771.0,0.237,0.401,2.83,2.64,168.0,26.71,52.75,88.54,67.2,33.33,16.0,24.19,43.01,0.269,2.5,0.143,0.879,12.6,0.0,125.3,0.3,,1.0,60.0,0.0,24.0,,100.0,300.0,24.0
653,58.0,27.5,5.0,3.6,1.91,2.0,0.0,1.8,0.0,0.0,0.0,0.0,0.0,0.0,90.5,2.109,500.0,2.22,928.5,621.85,1550.35,0.323,0.401,2.83,2.64,217.85,34.64,68.4,114.81,87.14,43.22,16.0,31.37,55.77,0.293,2.5,0.156,0.878,15.0,0.0,161.2,0.32,,1.0,60.0,0.0,24.0,,100.0,300.0,28.0
654,58.0,27.5,5.0,3.6,1.91,2.0,0.0,1.8,0.0,0.0,0.0,0.0,0.0,0.0,90.5,2.109,550.0,2.22,800.0,535.75,1335.75,0.412,0.401,2.83,2.64,239.64,38.1,75.25,126.29,95.85,47.54,16.0,34.51,61.34,0.293,2.5,0.156,0.879,16.5,0.0,177.3,0.32,,1.0,60.0,0.0,24.0,,100.0,300.0,36.0
655,58.0,27.5,5.0,3.6,1.91,2.0,0.0,1.8,0.0,0.0,0.0,0.0,0.0,0.0,90.5,2.109,640.0,2.22,773.0,434.8,1207.8,0.53,0.36,2.83,2.64,274.28,43.61,86.12,144.55,109.7,54.41,16.0,39.49,70.21,0.288,2.5,0.153,0.879,12.8,0.0,196.8,0.31,,1.0,60.0,0.0,24.0,,100.0,300.0,38.0
656,46.78,22.52,9.15,2.24,1.33,0.89,4.09,0.9,1.05,0.17,0.0,0.0,0.05,3.57,78.45,2.077,391.0,2.42,1111.0,721.0,1832.0,0.213,0.394,2.7,2.6,92.0,11.78,23.46,56.76,75.0,17.44,7.5,52.5,22.5,0.135,1.227,0.075,0.803,0.0,0.0,109.3,0.28,16.7432,28.0,70.0,,65.0,100.0,,,17.0
657,46.78,22.52,9.15,2.24,1.33,0.89,4.09,0.9,1.05,0.17,0.0,0.0,0.05,3.57,78.45,2.077,380.0,2.42,1111.0,721.0,1832.0,0.207,0.394,2.7,2.6,89.0,11.39,22.7,54.91,73.0,16.97,7.5,51.1,21.9,0.134,1.219,0.075,0.8,0.0,0.0,106.0,0.28,143.7185,28.0,70.0,,65.0,100.0,,,13.0
658,46.78,22.52,9.15,2.24,1.33,0.89,4.09,0.9,1.05,0.17,0.0,0.0,0.05,3.57,78.45,2.077,371.0,2.42,1111.0,721.0,1832.0,0.203,0.394,2.7,2.6,87.0,11.14,22.19,53.68,72.0,16.74,7.5,50.4,21.6,0.135,1.208,0.075,0.796,0.0,0.0,104.1,0.28,164.216,28.0,70.0,,65.0,100.0,,,10.0
659,46.78,22.52,9.15,2.24,1.33,0.89,4.09,0.9,1.05,0.17,0.0,0.0,0.05,3.57,78.45,2.077,367.0,2.42,1145.0,742.0,1887.0,0.194,0.393,2.7,2.6,86.0,11.01,21.93,53.06,71.0,16.51,7.5,49.7,21.3,0.135,1.211,0.075,0.797,0.0,0.0,102.8,0.28,3.77142,28.0,70.0,,65.0,100.0,,,14.0
660,46.78,22.52,9.15,2.24,1.33,0.89,4.09,0.9,1.05,0.17,0.0,0.0,0.05,3.57,78.45,2.077,357.0,2.42,1145.0,742.0,1887.0,0.189,0.393,2.7,2.6,84.0,10.75,21.42,51.83,69.0,16.04,7.5,48.3,20.7,0.135,1.217,0.075,0.799,0.0,0.0,100.1,0.28,38.1661,28.0,70.0,,65.0,100.0,,,12.0
661,46.78,22.52,9.15,2.24,1.33,0.89,4.09,0.9,1.05,0.17,0.0,0.0,0.05,3.57,78.45,2.077,348.0,2.42,1145.0,742.0,1887.0,0.184,0.393,2.7,2.6,82.0,10.5,20.91,50.59,67.0,15.58,7.5,46.9,20.1,0.135,1.224,0.075,0.802,0.0,0.0,97.5,0.28,70.706,28.0,70.0,,65.0,100.0,,,9.0
662,46.78,22.52,9.15,2.24,1.33,0.89,4.09,0.9,1.05,0.17,0.0,0.0,0.05,3.57,78.45,2.077,355.0,2.42,1160.0,753.0,1913.0,0.186,0.394,2.7,2.6,84.0,10.75,21.42,51.83,69.0,16.04,7.5,48.3,20.7,0.136,1.217,0.075,0.799,0.0,0.0,100.1,0.28,3.77731,28.0,70.0,,65.0,100.0,,,15.0
663,46.78,22.52,9.15,2.24,1.33,0.89,4.09,0.9,1.05,0.17,0.0,0.0,0.05,3.57,78.45,2.077,346.0,2.42,1160.0,753.0,1913.0,0.181,0.394,2.7,2.6,81.0,10.37,20.66,49.98,67.0,15.58,7.5,46.9,20.1,0.135,1.209,0.075,0.796,0.0,0.0,96.9,0.28,15.9409,28.0,70.0,,65.0,100.0,,,13.0
664,46.78,22.52,9.15,2.24,1.33,0.89,4.09,0.9,1.05,0.17,0.0,0.0,0.05,3.57,78.45,2.077,337.0,2.42,1160.0,753.0,1913.0,0.176,0.394,2.7,2.6,79.0,10.11,20.15,48.74,65.0,15.11,7.5,45.5,19.5,0.135,1.215,0.075,0.799,0.0,0.0,94.2,0.28,31.8171,28.0,70.0,,65.0,100.0,,,8.0
665,60.54,26.2,5.87,1.91,0.38,0.51,0.51,0.23,0.0,0.0,0.0,0.0,0.0,2.0,92.61,2.311,327.0,2.32,1248.0,672.0,1920.0,0.17,0.35,2.63,2.78,108.67,15.97,31.95,60.75,54.33,13.47,8.0,36.94,17.39,0.188,2.0,0.09,1.085,22.0,0.0,119.7,0.37,100.0,1.0,60.0,1.0,24.0,100.0,,,24.0
666,60.54,26.2,5.87,1.91,0.38,0.51,0.51,0.23,0.0,0.0,0.0,0.0,0.0,2.0,92.61,2.311,394.3,2.32,1201.2,646.8,1848.0,0.213,0.35,2.63,2.78,112.64,16.56,33.12,62.97,45.06,22.35,16.0,16.22,28.84,0.183,2.5,0.099,0.851,0.0,6.0,82.8,0.21,50.0,1.0,60.0,1.0,24.0,100.0,,,39.0
667,60.54,26.2,5.87,1.91,0.38,0.51,0.51,0.23,0.0,0.0,0.0,0.0,0.0,2.0,92.61,2.311,408.9,2.32,1294.0,554.0,1848.0,0.221,0.3,2.63,2.78,102.22,15.03,30.05,57.14,40.89,20.28,16.0,14.72,26.17,0.16,2.5,0.086,0.851,0.0,6.0,75.5,0.18,50.0,1.0,60.0,1.0,24.0,100.0,,,54.0
692,65.6,28.0,3.0,1.0,1.0,0.0,0.0,0.2,0.5,0.0,0.0,0.0,0.0,0.29,96.6,2.343,405.0,2.24,1283.08,587.3,1870.38,0.217,0.314,2.58,2.62,70.88,10.42,20.84,39.62,70.88,30.76,14.0,31.19,39.69,0.153,1.0,0.102,0.506,0.0,0.0,70.8,0.17,,,24.0,,24.0,150.0,,,12.0
694,65.6,28.0,3.0,1.0,1.0,0.0,0.0,0.2,0.5,0.0,0.0,0.0,0.0,0.29,96.6,2.343,405.0,2.24,1283.08,587.3,1870.38,0.217,0.314,2.58,2.62,70.88,10.42,20.84,39.62,70.88,41.75,19.0,17.01,53.87,0.18,1.0,0.129,0.399,0.0,0.0,56.6,0.14,,1.0,60.0,,24.0,150.0,,,15.0
696,70.3,23.1,1.4,0.2,0.6,0.4,0.9,0.2,2.6,0.2,0.0,0.0,0.0,0.0,94.8,3.043,409.0,2.12,909.0,686.0,1595.0,0.256,0.43,2.58,2.5,204.0,29.99,59.98,114.04,129.0,37.99,9.5,79.98,49.02,0.313,1.581,0.166,0.882,10.0,0.0,204.0,0.5,,1.0,80.0,,24.0,,100.0,200.0,22.0
697,74.18,9.44,4.22,5.53,2.48,0.32,1.46,0.0,0.96,0.0,0.0,0.0,0.0,0.82,87.84,7.858,459.0,,1172.0,539.0,1711.0,0.268,0.315,,,142.8571429,22.0,55.0,65.86,57.14,17.71,10.0,34.29,22.86,0.206,2.5,0.087,1.385,0.0,0.0,100.1,0.22,200.0,,20.0,,24.0,,100.0,200.0,14.0
698,74.18,9.44,4.22,5.53,2.48,0.32,1.46,0.0,0.96,0.0,0.0,0.0,0.0,0.82,87.84,7.858,459.0,,1172.0,539.0,1711.0,0.268,0.315,,,142.8571429,22.0,55.0,65.86,57.14,17.71,10.0,34.29,22.86,0.206,2.5,0.087,1.385,0.0,0.0,100.1,0.22,,1.0,80.0,,24.0,,100.0,200.0,25.0
699,65.6,26.53,5.49,0.31,0.76,0.36,0.23,0.31,0.0,0.0,0.0,0.0,0.0,0.41,97.62,2.473,430.0,2.42,1243.0,533.0,1776.0,0.242,0.3,2.78,2.73,138.0,23.39,48.38,66.23,56.0,13.89,8.0,38.08,17.92,0.199,2.464,0.087,1.298,0.0,8.6,109.5,0.25,114.921,1.0,60.0,1.0,27.0,100.0,,,24.0
700,65.6,26.53,5.49,0.31,0.76,0.36,0.23,0.31,0.0,0.0,0.0,0.0,0.0,0.41,97.62,2.473,397.0,2.42,1277.0,547.0,1824.0,0.218,0.3,2.78,2.73,128.0,21.7,44.88,61.43,51.0,12.65,8.0,34.68,16.32,0.2,2.51,0.087,1.307,0.0,7.94,100.9,0.25,109.841,1.0,60.0,1.0,27.0,100.0,,,25.0
701,65.6,26.53,5.49,0.31,0.76,0.36,0.23,0.31,0.0,0.0,0.0,0.0,0.0,0.41,97.62,2.473,364.0,2.42,1311.0,562.0,1873.0,0.194,0.3,2.78,2.73,117.0,19.83,41.02,56.15,46.0,11.41,8.0,31.28,14.72,0.199,2.543,0.086,1.313,0.0,7.28,91.8,0.25,80.0,1.0,60.0,1.0,27.0,100.0,,,25.0
702,65.6,26.53,5.49,0.31,0.76,0.36,0.23,0.31,0.0,0.0,0.0,0.0,0.0,0.41,97.62,2.473,331.0,2.42,1344.0,576.0,1920.0,0.172,0.3,2.78,2.73,106.0,17.97,37.16,50.87,42.0,10.42,8.0,28.56,13.44,0.198,2.524,0.086,1.309,0.0,6.62,83.4,0.25,74.9206,1.0,60.0,1.0,27.0,100.0,,,24.0
703,65.6,26.53,5.49,0.31,0.76,0.36,0.23,0.31,0.0,0.0,0.0,0.0,0.0,0.41,97.62,2.473,298.0,2.42,1377.0,590.0,1967.0,0.151,0.3,2.78,2.73,96.0,16.27,33.66,46.07,38.0,9.42,8.0,25.84,12.16,0.199,2.526,0.086,1.31,0.0,5.96,75.5,0.25,44.7619,1.0,60.0,1.0,27.0,100.0,,,21.0
704,65.6,26.53,5.49,0.31,0.76,0.36,0.23,0.31,0.0,0.0,0.0,0.0,0.0,0.41,97.62,2.473,430.0,2.42,1243.0,533.0,1776.0,0.242,0.3,2.78,2.73,138.0,23.39,48.38,66.23,55.0,17.05,10.0,33.0,22.0,0.207,2.509,0.094,1.196,0.0,8.6,104.4,0.24,114.921,1.0,60.0,1.0,27.0,100.0,,,26.0
705,65.6,26.53,5.49,0.31,0.76,0.36,0.23,0.31,0.0,0.0,0.0,0.0,0.0,0.41,97.62,2.473,397.0,2.42,1277.0,547.0,1824.0,0.218,0.3,2.78,2.73,128.0,21.7,44.88,61.43,51.0,15.81,10.0,30.6,20.4,0.208,2.51,0.094,1.196,0.0,7.94,96.8,0.24,109.841,1.0,60.0,1.0,27.0,100.0,,,27.0
706,65.6,26.53,5.49,0.31,0.76,0.36,0.23,0.31,0.0,0.0,0.0,0.0,0.0,0.41,97.62,2.473,364.0,2.42,1311.0,562.0,1873.0,0.194,0.3,2.78,2.73,117.0,19.83,41.02,56.15,47.0,14.57,10.0,28.2,18.8,0.207,2.489,0.095,1.192,0.0,7.28,88.7,0.24,80.0,1.0,60.0,1.0,27.0,100.0,,,28.0
707,65.6,26.53,5.49,0.31,0.76,0.36,0.23,0.31,0.0,0.0,0.0,0.0,0.0,0.41,97.62,2.473,331.0,2.42,1344.0,576.0,1920.0,0.172,0.3,2.78,2.73,106.0,17.97,37.16,50.87,42.0,13.02,10.0,25.2,16.8,0.206,2.524,0.094,1.199,0.0,6.62,80.0,0.24,74.9206,1.0,60.0,1.0,27.0,100.0,,,26.0
708,65.6,26.53,5.49,0.31,0.76,0.36,0.23,0.31,0.0,0.0,0.0,0.0,0.0,0.41,97.62,2.473,298.0,2.42,1377.0,590.0,1967.0,0.151,0.3,2.78,2.73,96.0,16.27,33.66,46.07,38.0,11.78,10.0,22.8,15.2,0.207,2.526,0.094,1.2,0.0,5.96,72.4,0.24,44.7619,1.0,60.0,1.0,27.0,100.0,,,25.0
709,65.6,26.53,5.49,0.31,0.76,0.36,0.23,0.31,0.0,0.0,0.0,0.0,0.0,0.41,97.62,2.473,430.0,2.42,1243.0,533.0,1776.0,0.242,0.3,2.78,2.73,138.0,23.39,48.38,66.23,55.0,20.46,12.0,28.6,26.4,0.214,2.509,0.102,1.103,0.0,8.6,100.0,0.23,114.921,1.0,60.0,1.0,27.0,100.0,,,28.0
710,65.6,26.53,5.49,0.31,0.76,0.36,0.23,0.31,0.0,0.0,0.0,0.0,0.0,0.41,97.62,2.473,397.0,2.42,1277.0,547.0,1824.0,0.218,0.3,2.78,2.73,128.0,21.7,44.88,61.43,50.0,18.6,12.0,26.0,24.0,0.215,2.56,0.102,1.114,0.0,7.94,92.2,0.23,109.841,1.0,60.0,1.0,27.0,100.0,,,29.0
711,65.6,26.53,5.49,0.31,0.76,0.36,0.23,0.31,0.0,0.0,0.0,0.0,0.0,0.41,97.62,2.473,364.0,2.42,1311.0,562.0,1873.0,0.194,0.3,2.78,2.73,117.0,19.83,41.02,56.15,47.0,17.48,12.0,24.44,22.56,0.215,2.489,0.103,1.099,0.0,7.28,85.0,0.23,80.0,1.0,60.0,1.0,27.0,100.0,,,28.0
712,65.6,26.53,5.49,0.31,0.76,0.36,0.23,0.31,0.0,0.0,0.0,0.0,0.0,0.41,97.62,2.473,331.0,2.42,1344.0,576.0,1920.0,0.172,0.3,2.78,2.73,106.0,17.97,37.16,50.87,42.0,15.62,12.0,21.84,20.16,0.214,2.524,0.101,1.106,0.0,6.62,76.7,0.23,74.9206,1.0,60.0,1.0,27.0,100.0,,,27.0
713,65.6,26.53,5.49,0.31,0.76,0.36,0.23,0.31,0.0,0.0,0.0,0.0,0.0,0.41,97.62,2.473,298.0,2.42,1377.0,590.0,1967.0,0.151,0.3,2.78,2.73,96.0,16.27,33.66,46.07,158.0,58.78,12.0,82.16,75.84,0.365,0.608,0.252,0.449,0.0,5.96,131.8,0.44,44.7619,1.0,60.0,1.0,27.0,100.0,,,25.0
714,65.6,26.53,5.49,0.31,0.76,0.36,0.23,0.31,0.0,0.0,0.0,0.0,0.0,0.41,97.62,2.473,430.0,2.42,1243.0,533.0,1776.0,0.242,0.3,2.78,2.73,138.0,23.39,48.38,66.23,55.0,23.87,14.0,24.2,30.8,0.222,2.509,0.11,1.024,0.0,8.6,95.6,0.22,114.921,1.0,60.0,1.0,27.0,100.0,,,29.0
715,65.6,26.53,5.49,0.31,0.76,0.36,0.23,0.31,0.0,0.0,0.0,0.0,0.0,0.41,97.62,2.473,397.0,2.42,1277.0,547.0,1824.0,0.218,0.3,2.78,2.73,128.0,21.7,44.88,61.43,51.0,22.13,14.0,22.44,28.56,0.223,2.51,0.11,1.024,0.0,7.94,88.6,0.22,109.841,1.0,60.0,1.0,27.0,100.0,,,30.0
716,65.6,26.53,5.49,0.31,0.76,0.36,0.23,0.31,0.0,0.0,0.0,0.0,0.0,0.41,97.62,2.473,364.0,2.42,1311.0,562.0,1873.0,0.194,0.3,2.78,2.73,117.0,19.83,41.02,56.15,47.0,20.4,14.0,20.68,26.32,0.223,2.489,0.111,1.02,0.0,7.28,81.2,0.22,80.0,1.0,60.0,1.0,27.0,100.0,,,29.0
717,65.6,26.53,5.49,0.31,0.76,0.36,0.23,0.31,0.0,0.0,0.0,0.0,0.0,0.41,97.62,2.473,331.0,2.42,1344.0,576.0,1920.0,0.172,0.3,2.78,2.73,106.0,17.97,37.16,50.87,42.0,18.23,14.0,18.48,23.52,0.222,2.524,0.109,1.027,0.0,6.62,73.3,0.22,74.9206,1.0,60.0,1.0,27.0,100.0,,,28.0
718,65.6,26.53,5.49,0.31,0.76,0.36,0.23,0.31,0.0,0.0,0.0,0.0,0.0,0.41,97.62,2.473,298.0,2.42,1377.0,590.0,1967.0,0.151,0.3,2.78,2.73,96.0,16.27,33.66,46.07,38.0,16.49,14.0,16.72,21.28,0.223,2.526,0.11,1.027,0.0,5.96,66.4,0.22,44.7619,1.0,60.0,1.0,27.0,100.0,,,24.0
719,65.6,26.53,5.49,0.31,0.76,0.36,0.23,0.31,0.0,0.0,0.0,0.0,0.0,0.41,97.62,2.473,397.0,2.42,1277.0,547.0,1824.0,0.218,0.3,2.78,2.73,128.0,21.7,44.88,61.43,51.0,12.65,8.0,34.68,16.32,0.2,2.51,0.087,1.307,0.0,7.94,100.9,0.25,109.841,1.0,60.0,1.0,27.0,100.0,,,19.0
720,65.6,26.53,5.49,0.31,0.76,0.36,0.23,0.31,0.0,0.0,0.0,0.0,0.0,0.41,97.62,2.473,397.0,2.42,1277.0,547.0,1824.0,0.218,0.3,2.78,2.73,128.0,21.7,44.88,61.43,51.0,12.65,8.0,34.68,16.32,0.2,2.51,0.087,1.307,0.0,7.94,100.9,0.25,109.841,1.0,70.0,1.0,27.0,100.0,,,22.0
721,65.6,26.53,5.49,0.31,0.76,0.36,0.23,0.31,0.0,0.0,0.0,0.0,0.0,0.41,97.62,2.473,397.0,2.42,1277.0,547.0,1824.0,0.218,0.3,2.78,2.73,128.0,21.7,44.88,61.43,51.0,12.65,8.0,34.68,16.32,0.2,2.51,0.087,1.307,0.0,7.94,100.9,0.25,109.841,1.0,80.0,1.0,27.0,100.0,,,25.0
722,65.6,26.53,5.49,0.31,0.76,0.36,0.23,0.31,0.0,0.0,0.0,0.0,0.0,0.41,97.62,2.473,397.0,2.42,1277.0,547.0,1824.0,0.218,0.3,2.78,2.73,128.0,21.7,44.88,61.43,51.0,12.65,8.0,34.68,16.32,0.2,2.51,0.087,1.307,0.0,7.94,100.9,0.25,109.841,1.0,90.0,1.0,27.0,100.0,,,26.0
723,65.6,26.53,5.49,0.31,0.76,0.36,0.23,0.31,0.0,0.0,0.0,0.0,0.0,0.41,97.62,2.473,397.0,2.42,1277.0,547.0,1824.0,0.218,0.3,2.78,2.73,128.0,21.7,44.88,61.43,51.0,12.65,8.0,34.68,16.32,0.2,2.51,0.087,1.307,0.0,7.94,100.9,0.25,109.841,1.0,100.0,1.0,27.0,100.0,,,26.0
724,65.6,26.53,5.49,0.31,0.76,0.36,0.23,0.31,0.0,0.0,0.0,0.0,0.0,0.41,97.62,2.473,397.0,2.42,1277.0,547.0,1824.0,0.218,0.3,2.78,2.73,128.0,21.7,44.88,61.43,51.0,15.81,10.0,30.6,20.4,0.208,2.51,0.094,1.196,0.0,7.94,96.8,0.24,109.841,1.0,60.0,1.0,27.0,100.0,,,21.0
725,65.6,26.53,5.49,0.31,0.76,0.36,0.23,0.31,0.0,0.0,0.0,0.0,0.0,0.41,97.62,2.473,397.0,2.42,1277.0,547.0,1824.0,0.218,0.3,2.78,2.73,128.0,21.7,44.88,61.43,51.0,15.81,10.0,30.6,20.4,0.208,2.51,0.094,1.196,0.0,7.94,96.8,0.24,109.841,1.0,70.0,1.0,27.0,100.0,,,25.0
726,65.6,26.53,5.49,0.31,0.76,0.36,0.23,0.31,0.0,0.0,0.0,0.0,0.0,0.41,97.62,2.473,397.0,2.42,1277.0,547.0,1824.0,0.218,0.3,2.78,2.73,128.0,21.7,44.88,61.43,51.0,15.81,10.0,30.6,20.4,0.208,2.51,0.094,1.196,0.0,7.94,96.8,0.24,109.841,1.0,80.0,1.0,27.0,100.0,,,26.0
727,65.6,26.53,5.49,0.31,0.76,0.36,0.23,0.31,0.0,0.0,0.0,0.0,0.0,0.41,97.62,2.473,397.0,2.42,1277.0,547.0,1824.0,0.218,0.3,2.78,2.73,128.0,21.7,44.88,61.43,51.0,15.81,10.0,30.6,20.4,0.208,2.51,0.094,1.196,0.0,7.94,96.8,0.24,109.841,1.0,90.0,1.0,27.0,100.0,,,27.0
728,65.6,26.53,5.49,0.31,0.76,0.36,0.23,0.31,0.0,0.0,0.0,0.0,0.0,0.41,97.62,2.473,397.0,2.42,1277.0,547.0,1824.0,0.218,0.3,2.78,2.73,128.0,21.7,44.88,61.43,51.0,15.81,10.0,30.6,20.4,0.208,2.51,0.094,1.196,0.0,7.94,96.8,0.24,109.841,1.0,100.0,1.0,27.0,100.0,,,29.0
729,65.6,26.53,5.49,0.31,0.76,0.36,0.23,0.31,0.0,0.0,0.0,0.0,0.0,0.41,97.62,2.473,397.0,2.42,1277.0,547.0,1824.0,0.218,0.3,2.78,2.73,128.0,21.7,44.88,61.43,51.0,18.97,12.0,26.52,24.48,0.215,2.51,0.102,1.103,0.0,7.94,92.7,0.23,109.841,1.0,60.0,1.0,27.0,100.0,,,22.0
730,65.6,26.53,5.49,0.31,0.76,0.36,0.23,0.31,0.0,0.0,0.0,0.0,0.0,0.41,97.62,2.473,397.0,2.42,1277.0,547.0,1824.0,0.218,0.3,2.78,2.73,128.0,21.7,44.88,61.43,51.0,18.97,12.0,26.52,24.48,0.215,2.51,0.102,1.103,0.0,7.94,92.7,0.23,109.841,1.0,70.0,1.0,27.0,100.0,,,26.0
731,65.6,26.53,5.49,0.31,0.76,0.36,0.23,0.31,0.0,0.0,0.0,0.0,0.0,0.41,97.62,2.473,397.0,2.42,1277.0,547.0,1824.0,0.218,0.3,2.78,2.73,128.0,21.7,44.88,61.43,51.0,18.97,12.0,26.52,24.48,0.215,2.51,0.102,1.103,0.0,7.94,92.7,0.23,109.841,1.0,80.0,1.0,27.0,100.0,,,28.0
732,65.6,26.53,5.49,0.31,0.76,0.36,0.23,0.31,0.0,0.0,0.0,0.0,0.0,0.41,97.62,2.473,397.0,2.42,1277.0,547.0,1824.0,0.218,0.3,2.78,2.73,128.0,21.7,44.88,61.43,51.0,18.97,12.0,26.52,24.48,0.215,2.51,0.102,1.103,0.0,7.94,92.7,0.23,109.841,1.0,90.0,1.0,27.0,100.0,,,31.0
733,65.6,26.53,5.49,0.31,0.76,0.36,0.23,0.31,0.0,0.0,0.0,0.0,0.0,0.41,97.62,2.473,397.0,2.42,1277.0,547.0,1824.0,0.218,0.3,2.78,2.73,128.0,21.7,44.88,61.43,51.0,18.97,12.0,26.52,24.48,0.215,2.51,0.102,1.103,0.0,7.94,92.7,0.23,109.841,1.0,100.0,1.0,27.0,100.0,,,31.0
734,65.6,26.53,5.49,0.31,0.76,0.36,0.23,0.31,0.0,0.0,0.0,0.0,0.0,0.41,97.62,2.473,397.0,2.42,1277.0,547.0,1824.0,0.218,0.3,2.78,2.73,128.0,21.7,44.88,61.43,51.0,22.13,14.0,22.44,28.56,0.223,2.51,0.11,1.024,0.0,7.94,88.6,0.22,109.841,1.0,60.0,1.0,27.0,100.0,,,21.0
735,65.6,26.53,5.49,0.31,0.76,0.36,0.23,0.31,0.0,0.0,0.0,0.0,0.0,0.41,97.62,2.473,397.0,2.42,1277.0,547.0,1824.0,0.218,0.3,2.78,2.73,128.0,21.7,44.88,61.43,51.0,22.13,14.0,22.44,28.56,0.223,2.51,0.11,1.024,0.0,7.94,88.6,0.22,109.841,1.0,70.0,1.0,27.0,100.0,,,25.0
736,65.6,26.53,5.49,0.31,0.76,0.36,0.23,0.31,0.0,0.0,0.0,0.0,0.0,0.41,97.62,2.473,397.0,2.42,1277.0,547.0,1824.0,0.218,0.3,2.78,2.73,128.0,21.7,44.88,61.43,51.0,22.13,14.0,22.44,28.56,0.223,2.51,0.11,1.024,0.0,7.94,88.6,0.22,109.841,1.0,80.0,1.0,27.0,100.0,,,27.0
737,65.6,26.53,5.49,0.31,0.76,0.36,0.23,0.31,0.0,0.0,0.0,0.0,0.0,0.41,97.62,2.473,397.0,2.42,1277.0,547.0,1824.0,0.218,0.3,2.78,2.73,128.0,21.7,44.88,61.43,51.0,22.13,14.0,22.44,28.56,0.223,2.51,0.11,1.024,0.0,7.94,88.6,0.22,109.841,1.0,90.0,1.0,27.0,100.0,,,30.0
738,65.6,26.53,5.49,0.31,0.76,0.36,0.23,0.31,0.0,0.0,0.0,0.0,0.0,0.41,97.62,2.473,397.0,2.42,1277.0,547.0,1824.0,0.218,0.3,2.78,2.73,128.0,21.7,44.88,61.43,51.0,22.13,14.0,22.44,28.56,0.223,2.51,0.11,1.024,0.0,7.94,88.6,0.22,109.841,1.0,100.0,1.0,27.0,100.0,,,31.0
739,31.32,13.96,15.64,25.79,2.94,2.83,2.93,3.29,0.0,0.0,0.0,0.0,0.0,1.3,60.92,2.244,523.0,2.65,1124.0,459.0,1583.0,0.33,0.29,2.64,2.52,118.0,13.77,33.82,70.41,118.0,36.58,10.0,70.8,47.2,0.161,1.0,0.096,0.672,0.0,5.2,144.3,0.28,20.0,,25.0,1.0,24.0,,100.0,200.0,35.0
740,31.32,13.96,15.64,25.79,2.94,2.83,2.93,3.29,0.0,0.0,0.0,0.0,0.0,1.3,60.92,2.244,500.0,2.65,1166.0,475.0,1641.0,0.305,0.289,2.64,2.52,113.0,13.19,32.39,67.43,113.0,35.03,10.0,67.8,45.2,0.161,1.0,0.096,0.672,0.0,5.0,138.2,0.28,21.0,,25.0,1.0,24.0,,100.0,200.0,32.0
741,31.32,13.96,15.64,25.79,2.94,2.83,2.93,3.29,0.0,0.0,0.0,0.0,0.0,1.3,60.92,2.244,478.0,2.65,1211.0,490.0,1701.0,0.281,0.288,2.64,2.52,108.0,12.6,30.95,64.44,108.0,33.48,10.0,64.8,43.2,0.161,1.0,0.096,0.672,0.0,4.8,132.1,0.28,20.0,,25.0,1.0,24.0,,100.0,200.0,25.0
742,31.32,13.96,15.64,25.79,2.94,2.83,2.93,3.29,0.0,0.0,0.0,0.0,0.0,1.3,60.92,2.244,470.0,2.65,1161.0,474.0,1635.0,0.287,0.29,2.64,2.52,118.0,13.77,33.82,70.41,118.0,36.58,10.0,70.8,47.2,0.179,1.0,0.107,0.672,0.0,4.7,144.0,0.31,20.0,,25.0,1.0,24.0,,100.0,200.0,31.0
743,31.32,13.96,15.64,25.79,2.94,2.83,2.93,3.29,0.0,0.0,0.0,0.0,0.0,1.3,60.92,2.244,450.0,2.65,1201.0,489.0,1690.0,0.266,0.289,2.64,2.52,113.0,13.19,32.39,67.43,113.0,35.03,10.0,67.8,45.2,0.179,1.0,0.107,0.672,0.0,4.5,137.9,0.31,21.0,,25.0,1.0,24.0,,100.0,200.0,30.0
744,31.32,13.96,15.64,25.79,2.94,2.83,2.93,3.29,0.0,0.0,0.0,0.0,0.0,1.3,60.92,2.244,430.0,2.65,1245.0,504.0,1749.0,0.246,0.288,2.64,2.52,108.0,12.6,30.95,64.44,108.0,33.48,10.0,64.8,43.2,0.179,1.0,0.107,0.672,0.0,4.3,131.8,0.31,22.0,,25.0,1.0,24.0,,100.0,200.0,26.0
745,31.32,13.96,15.64,25.79,2.94,2.83,2.93,3.29,0.0,0.0,0.0,0.0,0.0,1.3,60.92,2.244,428.0,2.65,1191.0,487.0,1678.0,0.255,0.29,2.64,2.52,118.0,13.77,33.82,70.41,118.0,36.58,10.0,70.8,47.2,0.197,1.0,0.118,0.672,0.0,4.3,143.8,0.34,19.0,,25.0,1.0,24.0,,100.0,200.0,30.0
746,31.32,13.96,15.64,25.79,2.94,2.83,2.93,3.29,0.0,0.0,0.0,0.0,0.0,1.3,60.92,2.244,409.0,2.65,1231.0,501.0,1732.0,0.236,0.289,2.64,2.52,113.0,13.19,32.39,67.43,113.0,35.03,10.0,67.8,45.2,0.197,1.0,0.118,0.672,0.0,4.1,137.7,0.34,20.0,,25.0,1.0,24.0,,100.0,200.0,29.0
747,31.32,13.96,15.64,25.79,2.94,2.83,2.93,3.29,0.0,0.0,0.0,0.0,0.0,1.3,60.92,2.244,391.0,2.65,1273.0,515.0,1788.0,0.219,0.288,2.64,2.52,108.0,12.6,30.95,64.44,108.0,33.48,10.0,64.8,43.2,0.197,1.0,0.118,0.672,0.0,3.9,131.6,0.34,21.0,,25.0,1.0,24.0,,100.0,200.0,27.0
748,31.32,13.96,15.64,25.79,2.94,2.83,2.93,3.29,0.0,0.0,0.0,0.0,0.0,1.3,60.92,2.244,392.0,2.65,1216.0,497.0,1713.0,0.229,0.29,2.64,2.52,118.0,13.77,33.82,70.41,118.0,36.58,10.0,70.8,47.2,0.215,1.0,0.128,0.672,0.0,3.9,143.6,0.37,22.0,,25.0,1.0,24.0,,100.0,200.0,24.0
749,31.32,13.96,15.64,25.79,2.94,2.83,2.93,3.29,0.0,0.0,0.0,0.0,0.0,1.3,60.92,2.244,375.0,2.65,1255.0,511.0,1766.0,0.212,0.289,2.64,2.52,113.0,13.19,32.39,67.43,113.0,35.03,10.0,67.8,45.2,0.215,1.0,0.129,0.672,0.0,3.8,137.5,0.37,22.0,,25.0,1.0,24.0,,100.0,200.0,20.0
750,31.32,13.96,15.64,25.79,2.94,2.83,2.93,3.29,0.0,0.0,0.0,0.0,0.0,1.3,60.92,2.244,359.0,2.65,1296.0,525.0,1821.0,0.197,0.288,2.64,2.52,108.0,12.6,30.95,64.44,108.0,33.48,10.0,64.8,43.2,0.215,1.0,0.128,0.672,0.0,3.6,131.4,0.37,22.0,,25.0,1.0,24.0,,100.0,200.0,20.0
751,31.32,13.96,15.64,25.79,2.94,2.83,2.93,3.29,0.0,0.0,0.0,0.0,0.0,1.3,60.92,2.244,523.0,2.65,1126.0,460.0,1586.0,0.33,0.29,2.64,2.52,118.0,13.77,33.82,70.41,118.0,54.87,15.0,47.2,70.8,0.196,1.0,0.131,0.493,0.0,5.2,120.7,0.23,19.0,,25.0,1.0,24.0,,100.0,200.0,34.0
752,31.32,13.96,15.64,25.79,2.94,2.83,2.93,3.29,0.0,0.0,0.0,0.0,0.0,1.3,60.92,2.244,500.0,2.65,1168.0,475.0,1643.0,0.304,0.289,2.64,2.52,113.0,13.19,32.39,67.43,113.0,52.55,15.0,45.2,67.8,0.196,1.0,0.131,0.493,0.0,5.0,115.6,0.23,19.0,,25.0,1.0,24.0,,100.0,200.0,31.0
753,31.32,13.96,15.64,25.79,2.94,2.83,2.93,3.29,0.0,0.0,0.0,0.0,0.0,1.3,60.92,2.244,478.0,2.65,1212.0,491.0,1703.0,0.281,0.288,2.64,2.52,108.0,12.6,30.95,64.44,108.0,50.22,15.0,43.2,64.8,0.196,1.0,0.131,0.493,0.0,4.8,110.5,0.23,20.0,,25.0,1.0,24.0,,100.0,200.0,30.0
754,31.32,13.96,15.64,25.79,2.94,2.83,2.93,3.29,0.0,0.0,0.0,0.0,0.0,1.3,60.92,2.244,470.0,2.65,1163.0,475.0,1638.0,0.287,0.29,2.64,2.52,118.0,13.77,33.82,70.41,118.0,54.87,15.0,47.2,70.8,0.218,1.0,0.146,0.493,0.0,4.7,120.4,0.26,19.0,,25.0,1.0,24.0,,100.0,200.0,35.0
755,31.32,13.96,15.64,25.79,2.94,2.83,2.93,3.29,0.0,0.0,0.0,0.0,0.0,1.3,60.92,2.244,450.0,2.65,1203.0,490.0,1693.0,0.266,0.289,2.64,2.52,113.0,13.19,32.39,67.43,113.0,52.55,15.0,45.2,67.8,0.218,1.0,0.146,0.493,0.0,4.5,115.3,0.26,18.0,,25.0,1.0,24.0,,100.0,200.0,33.0
756,31.32,13.96,15.64,25.79,2.94,2.83,2.93,3.29,0.0,0.0,0.0,0.0,0.0,1.3,60.92,2.244,430.0,2.65,1246.0,505.0,1751.0,0.246,0.288,2.64,2.52,108.0,12.6,30.95,64.44,108.0,50.22,15.0,43.2,64.8,0.218,1.0,0.146,0.493,0.0,4.3,110.2,0.26,19.0,,25.0,1.0,24.0,,100.0,200.0,32.0
757,31.32,13.96,15.64,25.79,2.94,2.83,2.93,3.29,0.0,0.0,0.0,0.0,0.0,1.3,60.92,2.244,428.0,2.65,1193.0,487.0,1680.0,0.255,0.29,2.64,2.52,118.0,13.77,33.82,70.41,118.0,54.87,15.0,47.2,70.8,0.239,1.0,0.16,0.493,0.0,4.3,120.2,0.28,19.0,,25.0,1.0,24.0,,100.0,200.0,31.0
758,31.32,13.96,15.64,25.79,2.94,2.83,2.93,3.29,0.0,0.0,0.0,0.0,0.0,1.3,60.92,2.244,409.0,2.65,1232.0,502.0,1734.0,0.236,0.29,2.64,2.52,113.0,13.19,32.39,67.43,113.0,52.55,15.0,45.2,67.8,0.24,1.0,0.161,0.493,0.0,4.1,115.1,0.28,22.0,,25.0,1.0,24.0,,100.0,200.0,32.0
759,31.32,13.96,15.64,25.79,2.94,2.83,2.93,3.29,0.0,0.0,0.0,0.0,0.0,1.3,60.92,2.244,391.0,2.65,1274.0,516.0,1790.0,0.218,0.288,2.64,2.52,108.0,12.6,30.95,64.44,108.0,50.22,15.0,43.2,64.8,0.24,1.0,0.161,0.493,0.0,3.9,110.0,0.28,21.0,,25.0,1.0,24.0,,100.0,200.0,31.0
760,31.32,13.96,15.64,25.79,2.94,2.83,2.93,3.29,0.0,0.0,0.0,0.0,0.0,1.3,60.92,2.244,392.0,2.65,1218.0,498.0,1716.0,0.228,0.29,2.64,2.52,118.0,13.77,33.82,70.41,118.0,54.87,15.0,47.2,70.8,0.261,1.0,0.175,0.493,0.0,3.9,120.0,0.31,21.0,,25.0,1.0,24.0,,100.0,200.0,18.0
761,31.32,13.96,15.64,25.79,2.94,2.83,2.93,3.29,0.0,0.0,0.0,0.0,0.0,1.3,60.92,2.244,375.0,2.65,1257.0,512.0,1769.0,0.212,0.289,2.64,2.52,113.0,13.19,32.39,67.43,113.0,52.55,15.0,45.2,67.8,0.262,1.0,0.175,0.493,0.0,3.8,114.9,0.31,22.0,,25.0,1.0,24.0,,100.0,200.0,19.0
762,31.32,13.96,15.64,25.79,2.94,2.83,2.93,3.29,0.0,0.0,0.0,0.0,0.0,1.3,60.92,2.244,359.0,2.65,1298.0,525.0,1823.0,0.197,0.288,2.64,2.52,108.0,12.6,30.95,64.44,108.0,50.22,15.0,43.2,64.8,0.261,1.0,0.175,0.493,0.0,3.6,109.8,0.31,20.0,,25.0,1.0,24.0,,100.0,200.0,15.0
763,42.04,33.6,4.0,12.73,0.0,0.0,0.0,0.0,0.0,0.0,0.0,0.0,0.0,0.0,79.64,1.251,427.0,,1276.8,547.0,1823.8,0.234,0.3,2.713,2.66,106.75,15.69,31.38,59.67,42.7,10.59,8.0,29.04,13.66,0.135,2.5,0.062,1.194,0.0,0.0,88.7,0.21,,1.0,40.0,0.0,24.0,150.0,,,27.0
764,42.04,33.6,4.0,12.73,0.0,0.0,0.0,0.0,0.0,0.0,0.0,0.0,0.0,0.0,79.64,1.251,427.0,,1276.8,547.0,1823.8,0.234,0.3,2.713,2.66,106.75,15.69,31.38,59.67,42.7,10.59,8.0,29.04,13.66,0.135,2.5,0.062,1.194,0.0,0.0,88.7,0.21,,1.0,60.0,0.0,24.0,150.0,,,28.0
765,42.04,33.6,4.0,12.73,0.0,0.0,0.0,0.0,0.0,0.0,0.0,0.0,0.0,0.0,79.64,1.251,427.0,,1276.8,547.0,1823.8,0.234,0.3,2.713,2.66,106.75,15.69,31.38,59.67,42.7,10.59,8.0,29.04,13.66,0.135,2.5,0.062,1.194,0.0,0.0,88.7,0.21,,1.0,80.0,0.0,24.0,150.0,,,31.0
766,42.04,33.6,4.0,12.73,0.0,0.0,0.0,0.0,0.0,0.0,0.0,0.0,0.0,0.0,79.64,1.251,427.0,,1276.8,547.0,1823.8,0.234,0.3,2.713,2.66,106.75,15.69,31.38,59.67,42.7,10.59,8.0,29.04,13.66,0.135,2.5,0.062,1.194,0.0,0.0,88.7,0.21,,1.0,100.0,0.0,24.0,150.0,,,31.0
767,42.04,33.6,4.0,12.73,0.0,0.0,0.0,0.0,0.0,0.0,0.0,0.0,0.0,0.0,79.64,1.251,427.0,,1276.8,547.0,1823.8,0.234,0.3,2.713,2.66,106.75,15.69,31.38,59.67,42.7,13.24,10.0,25.62,17.08,0.141,2.5,0.068,1.085,0.0,0.0,85.3,0.2,,1.0,40.0,0.0,24.0,150.0,,,30.0
768,42.04,33.6,4.0,12.73,0.0,0.0,0.0,0.0,0.0,0.0,0.0,0.0,0.0,0.0,79.64,1.251,427.0,,1276.8,547.0,1823.8,0.234,0.3,2.713,2.66,106.75,15.69,31.38,59.67,42.7,13.24,10.0,25.62,17.08,0.141,2.5,0.068,1.085,0.0,0.0,85.3,0.2,,1.0,60.0,0.0,24.0,150.0,,,31.0
769,42.04,33.6,4.0,12.73,0.0,0.0,0.0,0.0,0.0,0.0,0.0,0.0,0.0,0.0,79.64,1.251,427.0,,1276.8,547.0,1823.8,0.234,0.3,2.713,2.66,106.75,15.69,31.38,59.67,42.7,13.24,10.0,25.62,17.08,0.141,2.5,0.068,1.085,0.0,0.0,85.3,0.2,,1.0,80.0,0.0,24.0,150.0,,,34.0
770,42.04,33.6,4.0,12.73,0.0,0.0,0.0,0.0,0.0,0.0,0.0,0.0,0.0,0.0,79.64,1.251,427.0,,1276.8,547.0,1823.8,0.234,0.3,2.713,2.66,106.75,15.69,31.38,59.67,42.7,13.24,10.0,25.62,17.08,0.141,2.5,0.068,1.085,0.0,0.0,85.3,0.2,,1.0,100.0,0.0,24.0,150.0,,,35.0
771,42.04,33.6,4.0,12.73,0.0,0.0,0.0,0.0,0.0,0.0,0.0,0.0,0.0,0.0,79.64,1.251,427.0,,1276.8,547.0,1823.8,0.234,0.3,2.713,2.66,106.75,15.69,31.38,59.67,42.7,15.88,12.0,22.2,20.5,0.147,2.5,0.074,0.994,0.0,0.0,81.9,0.19,,1.0,40.0,0.0,24.0,150.0,,,32.0
772,42.04,33.6,4.0,12.73,0.0,0.0,0.0,0.0,0.0,0.0,0.0,0.0,0.0,0.0,79.64,1.251,427.0,,1276.8,547.0,1823.8,0.234,0.3,2.713,2.66,106.75,15.69,31.38,59.67,42.7,15.88,12.0,22.2,20.5,0.147,2.5,0.074,0.994,0.0,0.0,81.9,0.19,,1.0,60.0,0.0,24.0,150.0,,,33.0
773,42.04,33.6,4.0,12.73,0.0,0.0,0.0,0.0,0.0,0.0,0.0,0.0,0.0,0.0,79.64,1.251,427.0,,1276.8,547.0,1823.8,0.234,0.3,2.713,2.66,106.75,15.69,31.38,59.67,42.7,15.88,12.0,22.2,20.5,0.147,2.5,0.074,0.994,0.0,0.0,81.9,0.19,,1.0,80.0,0.0,24.0,150.0,,,36.0
774,42.04,33.6,4.0,12.73,0.0,0.0,0.0,0.0,0.0,0.0,0.0,0.0,0.0,0.0,79.64,1.251,427.0,,1276.8,547.0,1823.8,0.234,0.3,2.713,2.66,106.75,15.69,31.38,59.67,42.7,15.88,12.0,22.2,20.5,0.147,2.5,0.074,0.994,0.0,0.0,81.9,0.19,,1.0,100.0,0.0,24.0,150.0,,,36.0
775,42.04,33.6,4.0,12.73,0.0,0.0,0.0,0.0,0.0,0.0,0.0,0.0,0.0,0.0,79.64,1.251,427.0,,1276.8,547.0,1823.8,0.234,0.3,2.713,2.66,106.75,15.69,31.38,59.67,42.7,18.53,14.0,18.79,23.91,0.154,2.5,0.08,0.917,0.0,0.0,78.5,0.18,,1.0,40.0,0.0,24.0,150.0,,,34.0
776,42.04,33.6,4.0,12.73,0.0,0.0,0.0,0.0,0.0,0.0,0.0,0.0,0.0,0.0,79.64,1.251,427.0,,1276.8,547.0,1823.8,0.234,0.3,2.713,2.66,106.75,15.69,31.38,59.67,42.7,18.53,14.0,18.79,23.91,0.154,2.5,0.08,0.917,0.0,0.0,78.5,0.18,,1.0,60.0,0.0,24.0,150.0,,,35.0
777,42.04,33.6,4.0,12.73,0.0,0.0,0.0,0.0,0.0,0.0,0.0,0.0,0.0,0.0,79.64,1.251,427.0,,1276.8,547.0,1823.8,0.234,0.3,2.713,2.66,106.75,15.69,31.38,59.67,42.7,18.53,14.0,18.79,23.91,0.154,2.5,0.08,0.917,0.0,0.0,78.5,0.18,,1.0,80.0,0.0,24.0,150.0,,,37.0
778,42.04,33.6,4.0,12.73,0.0,0.0,0.0,0.0,0.0,0.0,0.0,0.0,0.0,0.0,79.64,1.251,427.0,,1276.8,547.0,1823.8,0.234,0.3,2.713,2.66,106.75,15.69,31.38,59.67,42.7,18.53,14.0,18.79,23.91,0.154,2.5,0.08,0.917,0.0,0.0,78.5,0.18,,1.0,100.0,0.0,24.0,150.0,,,37.0
779,42.04,33.6,4.0,12.73,0.0,0.0,0.0,0.0,0.0,0.0,0.0,0.0,0.0,0.0,79.64,1.251,427.0,,1276.8,547.0,1823.8,0.234,0.3,2.713,2.66,106.75,15.69,31.38,59.67,42.7,21.18,16.0,15.37,27.33,0.16,2.5,0.086,0.851,0.0,0.0,75.0,0.18,,1.0,40.0,0.0,24.0,150.0,,,33.0
780,42.04,33.6,4.0,12.73,0.0,0.0,0.0,0.0,0.0,0.0,0.0,0.0,0.0,0.0,79.64,1.251,427.0,,1276.8,547.0,1823.8,0.234,0.3,2.713,2.66,106.75,15.69,31.38,59.67,42.7,21.18,16.0,15.37,27.33,0.16,2.5,0.086,0.851,0.0,0.0,75.0,0.18,,1.0,60.0,0.0,24.0,150.0,,,34.0
781,42.04,33.6,4.0,12.73,0.0,0.0,0.0,0.0,0.0,0.0,0.0,0.0,0.0,0.0,79.64,1.251,427.0,,1276.8,547.0,1823.8,0.234,0.3,2.713,2.66,106.75,15.69,31.38,59.67,42.7,21.18,16.0,15.37,27.33,0.16,2.5,0.086,0.851,0.0,0.0,75.0,0.18,,1.0,80.0,0.0,24.0,150.0,,,36.0
782,42.04,33.6,4.0,12.73,0.0,0.0,0.0,0.0,0.0,0.0,0.0,0.0,0.0,0.0,79.64,1.251,427.0,,1276.8,547.0,1823.8,0.234,0.3,2.713,2.66,106.75,15.69,31.38,59.67,42.7,21.18,16.0,15.37,27.33,0.16,2.5,0.086,0.851,0.0,0.0,75.0,0.18,,1.0,100.0,0.0,24.0,150.0,,,36.0
783,42.04,33.6,4.0,12.73,0.0,0.0,0.0,0.0,0.0,0.0,0.0,0.0,0.0,0.0,79.64,1.251,427.0,,1276.8,547.0,1823.8,0.234,0.3,2.713,2.66,76.25,11.21,22.42,42.62,30.5,13.24,14.0,13.42,17.08,0.11,2.5,0.057,0.917,0.0,0.0,56.0,0.13,,1.0,80.0,0.0,24.0,150.0,,,34.0
784,42.04,33.6,4.0,12.73,0.0,0.0,0.0,0.0,0.0,0.0,0.0,0.0,0.0,0.0,79.64,1.251,427.0,,1276.8,547.0,1823.8,0.234,0.3,2.713,2.66,91.5,13.45,26.9,51.15,36.6,15.88,14.0,16.1,20.5,0.132,2.5,0.069,0.917,0.0,0.0,67.3,0.16,,1.0,80.0,0.0,24.0,150.0,,,36.0
785,42.04,33.6,4.0,12.73,0.0,0.0,0.0,0.0,0.0,0.0,0.0,0.0,0.0,0.0,79.64,1.251,427.0,,1276.8,547.0,1823.8,0.234,0.3,2.713,2.66,122.0,17.93,35.87,68.2,48.8,21.18,14.0,21.47,27.33,0.176,2.5,0.092,0.917,0.0,0.0,89.7,0.21,,1.0,80.0,0.0,24.0,150.0,,,37.0
786,42.04,33.6,4.0,12.73,0.0,0.0,0.0,0.0,0.0,0.0,0.0,0.0,0.0,0.0,79.64,1.251,427.0,,1276.8,547.0,1823.8,0.234,0.3,2.713,2.66,137.25,20.18,40.35,76.72,54.9,23.83,14.0,24.16,30.74,0.198,2.5,0.103,0.917,0.0,0.0,100.9,0.24,,1.0,80.0,0.0,24.0,150.0,,,37.0
787,42.04,33.6,4.0,12.73,0.0,0.0,0.0,0.0,0.0,0.0,0.0,0.0,0.0,0.0,79.64,1.251,427.0,,1276.8,547.0,1823.8,0.234,0.3,2.713,2.66,114.9615385,16.9,33.8,64.26,34.49,14.97,14.0,15.17,19.31,0.154,3.333,0.075,1.061,0.0,0.0,79.4,0.19,,1.0,80.0,0.0,24.0,150.0,,,37.0
788,42.04,33.6,4.0,12.73,0.0,0.0,0.0,0.0,0.0,0.0,0.0,0.0,0.0,0.0,79.64,1.251,427.0,,1276.8,547.0,1823.8,0.234,0.3,2.713,2.66,110.7037037,16.27,32.55,61.88,38.75,16.82,14.0,17.05,21.7,0.154,2.857,0.077,0.984,0.0,0.0,78.9,0.18,,1.0,80.0,0.0,24.0,150.0,,,37.0
789,42.04,33.6,4.0,12.73,0.0,0.0,0.0,0.0,0.0,0.0,0.0,0.0,0.0,0.0,79.64,1.251,427.0,,1276.8,547.0,1823.8,0.234,0.3,2.713,2.66,103.0689655,15.15,30.3,57.62,46.38,20.13,14.0,20.41,25.97,0.154,2.222,0.083,0.859,0.0,0.0,78.0,0.18,,1.0,80.0,0.0,24.0,150.0,,,36.0
790,42.04,33.6,4.0,12.73,0.0,0.0,0.0,0.0,0.0,0.0,0.0,0.0,0.0,0.0,79.64,1.251,427.0,,1276.8,547.0,1823.8,0.234,0.3,2.713,2.66,99.63333333,14.65,29.29,55.7,49.82,21.62,14.0,21.92,27.9,0.154,2.0,0.085,0.808,0.0,0.0,77.6,0.18,,1.0,80.0,0.0,24.0,150.0,,,35.0
791,42.04,33.6,4.0,12.73,0.0,0.0,0.0,0.0,0.0,0.0,0.0,0.0,0.0,0.0,79.64,1.251,427.0,,1276.8,547.0,1823.8,0.234,0.3,2.713,2.66,106.75,15.69,31.38,59.67,42.7,18.53,14.0,18.79,23.91,0.154,2.5,0.08,0.917,0.0,0.0,78.5,0.18,,1.0,60.0,1.0,24.0,150.0,,,37.0
792,42.04,33.6,4.0,12.73,0.0,0.0,0.0,0.0,0.0,0.0,0.0,0.0,0.0,0.0,79.64,1.251,427.0,,1276.8,547.0,1823.8,0.234,0.3,2.713,2.66,106.75,15.69,31.38,59.67,42.7,18.53,14.0,18.79,23.91,0.154,2.5,0.08,0.917,0.0,0.0,78.5,0.18,,1.0,60.0,2.0,24.0,150.0,,,38.0
793,42.04,33.6,4.0,12.73,0.0,0.0,0.0,0.0,0.0,0.0,0.0,0.0,0.0,0.0,79.64,1.251,427.0,,1276.8,547.0,1823.8,0.234,0.3,2.713,2.66,106.75,15.69,31.38,59.67,42.7,18.53,14.0,18.79,23.91,0.154,2.5,0.08,0.917,0.0,0.0,78.5,0.18,,1.0,60.0,3.0,24.0,150.0,,,38.0
794,50.76,27.32,4.64,5.4,3.72,0.8,4.85,2.0,1.16,0.0,0.0,0.0,0.0,0.0,82.72,1.858,280.0,,1309.0,561.0,1870.0,0.15,0.3,,,126.0,11.13,34.83,80.05,84.0,31.25,12.0,43.68,40.32,0.276,1.5,0.151,0.822,0.0,0.0,123.7,0.44,,,25.0,,24.0,100.0,,,19.0
795,50.76,27.32,4.64,5.4,3.72,0.8,4.85,2.0,1.16,0.0,0.0,0.0,0.0,0.0,82.72,1.858,280.0,,1309.0,561.0,1870.0,0.15,0.3,,,126.0,11.13,34.83,80.05,84.0,31.25,12.0,43.68,40.32,0.276,1.5,0.151,0.822,0.0,0.0,123.7,0.44,,,25.0,,24.0,100.0,,,19.0
796,50.76,27.32,4.64,5.4,3.72,0.8,4.85,2.0,1.16,0.0,0.0,0.0,0.0,0.0,82.72,1.858,280.0,,1309.0,561.0,1870.0,0.15,0.3,,,126.0,11.13,34.83,80.05,84.0,31.25,12.0,43.68,40.32,0.276,1.5,0.151,0.822,0.0,0.0,123.7,0.44,,1.0,80.0,,24.0,100.0,,,33.0
797,50.76,27.32,4.64,5.4,3.72,0.8,4.85,2.0,1.16,0.0,0.0,0.0,0.0,0.0,82.72,1.858,280.0,,1309.0,561.0,1870.0,0.15,0.3,,,126.0,11.13,34.83,80.05,84.0,31.25,12.0,43.68,40.32,0.276,1.5,0.151,0.822,0.0,0.0,123.7,0.44,,1.0,80.0,,24.0,100.0,,,37.0
798,50.76,27.32,4.64,5.4,3.72,0.8,4.85,2.0,1.16,0.0,0.0,0.0,0.0,0.0,82.72,1.858,280.0,,1309.0,561.0,1870.0,0.15,0.3,,,126.0,11.13,34.83,80.05,84.0,31.25,12.0,43.68,40.32,0.276,1.5,0.151,0.822,0.0,0.0,123.7,0.44,,1.0,80.0,1.0,24.0,100.0,,,37.0
799,50.76,27.32,4.64,5.4,3.72,0.8,4.85,2.0,1.16,0.0,0.0,0.0,0.0,0.0,82.72,1.858,280.0,,1309.0,561.0,1870.0,0.15,0.3,,,126.0,11.13,34.83,80.05,84.0,31.25,12.0,43.68,40.32,0.276,1.5,0.151,0.822,0.0,0.0,123.7,0.44,,1.0,80.0,1.0,24.0,100.0,,,37.0
