feature,importance
CaO,0.07031345974522257
"SAF, %",0.06282604824229422
SiO2,0.05986546696468821
SiO2/Al2O3 ratio,0.05626895283688096
Na2O (Dry),0.04860339107781028
Fe2O3,0.036730771523663455
Total Na2SiO3 (kg in 1m3 of mix),0.03368478848171563
Na2O,0.033081913857553685
Slump (mm),0.030690224258872214
Fine aggregate (kg in 1m3 mix),0.02645433939096928
Binder-to-total-aggregates ratio,0.02599906104231645
FA (kg/m3),0.02572549398822778
Total aggregates (kg in 1m3 mix),0.023539049806134957
LOI,0.022608123254046087
FA density (kg/m3),0.021047703865993545
SiO2 (Dry),0.020717355143579336
Coarse aggregate (kg/m3),0.019378043848593228
NaOH (Dry),0.01928353425293958
Total water (kg in 1m3 mix),0.01908284815457483
Concentration (M) NaOH,0.019057281269813178
Na2O solid,0.018812150456459252
Al2O3,0.018562351992267797
Initial curing temp (C),0.018187789854827247
Water-to-binder ratio,0.017951523542808746
MgO,0.01658756207292578
Water,0.015849220854508527
Water__duplicate_1,0.015847864623896413
K2O,0.015132429451837997
MS (SiO2/Na2O),0.015130146829975467
Total-Na2SiO3/Total-NaOH ratio,0.014899123857838852
Total-Na2O/binder ratio,0.014747302282704261
Solid-activator/binder ratio,0.013733656021095506
Mn2O3,0.013571584374438062
SO3,0.012157876760613183
P2O5,0.01202011001299783
Fine-to-total-aggregate ratio,0.012019632982055418
Total NaOH (kg in 1m3 mix),0.011991436296188502
Initial curing time (day),0.01142880390772108
Fine aggregate,0.011323332474309562
TiO2,0.008669111881332492
Coarse aggregate,0.008545341657558948
Additional water (kg in 1m3 mix),0.007316462856608015
Superplasticizer (kg in 1m3 mix),0.006332304631307798
Final curing temp (C),0.005118381990059971
Initial curing rest time (day),0.0032603433786902785
MnO,0.0024058648264737225
Cylinder D,0.0015906375905285707
Cube D,0.0012086906702652657
Cylinder H,0.00044205093876981285
SrO,0.00019905992304598285
