top_k,fold,train_samples,test_samples,train_groups,test_groups,MAE,RMSE,R2
10,1,276,70,249,61,4.698627712453649,6.463558562907045,0.5738968337322197
10,2,277,69,249,61,4.944770610460376,6.852344121244191,0.5012250209498502
10,3,277,69,248,62,4.587998749445661,7.142095379624076,0.5710221194428036
10,4,277,69,247,63,5.006796211519068,7.5430237457002525,0.4102780384078082
10,5,277,69,247,63,4.99896246773234,8.23312451429797,0.6116957212880281
15,1,276,70,249,61,4.585380617175515,6.252990965583734,0.6012074948862007
15,2,277,69,249,61,4.92865664657804,6.817182359899606,0.5063306636831557
15,3,277,69,248,62,4.475473895308819,7.119969423177881,0.5736759186887483
15,4,277,69,247,63,4.838574928547921,7.2508194346768144,0.45508278046256767
15,5,277,69,247,63,5.006183563689987,8.607931836464193,0.5755364054603527
20,1,276,70,249,61,4.368415628158255,6.028536961614761,0.6293233400121118
20,2,277,69,249,61,4.709442309647659,6.661031388450565,0.5286871402702485
20,3,277,69,248,62,4.230783929771399,6.920569639893463,0.5972205596334683
20,4,277,69,247,63,4.734595246342242,7.108807666239373,0.4762188315181215
20,5,277,69,247,63,5.066441319881254,9.071645241987188,0.5285724862898169
30,1,276,70,249,61,4.225918083508925,6.093950613503988,0.6212355190599437
30,2,277,69,249,61,4.6361111118787734,6.552054208055154,0.5439827271353388
30,3,277,69,248,62,4.157694381782306,6.86287427496951,0.6039083442163808
30,4,277,69,247,63,4.744508372531465,7.280964882375156,0.45054234995448217
30,5,277,69,247,63,5.02386283193944,9.096078769511534,0.5260295849866015
50,1,276,70,249,61,4.203980456059894,6.1445943573287884,0.6149139195815106
50,2,277,69,249,61,4.614398120675722,6.5964636673537,0.5377800579942666
50,3,277,69,248,62,4.248095652627063,6.968954874451166,0.591568797997787
50,4,277,69,247,63,4.957314941204308,7.7131752339966155,0.38337270065788276
50,5,277,69,247,63,5.184923878222879,9.539818657519445,0.4786575992566593
